player_id,player_name,team_id,team_abbreviation,age,player_height,player_height_inches,player_weight,college,country,draft_year,draft_round,draft_number,gp,pts,reb,ast,net_rating,oreb_pct,dreb_pct,usg_pct,ts_pct,ast_pct
1630639,A.J. Lawson,1610612742,DAL,22,6-6,78,179,South Carolina,Canada,Undrafted,Undrafted,Undrafted,13,34,10,1,-10.9,0.028,0.151,0.182,0.622,0.029
1631260,AJ Green,1610612749,MIL,23,6-5,77,190,Northern Iowa,USA,Undrafted,Undrafted,Undrafted,33,148,39,20,-5.5,0.015,0.097,0.16,0.628,0.093
1631100,AJ Griffin,1610612737,ATL,19,6-6,78,220,Duke,USA,2022,1,16,68,600,142,68,1.6,0.025,0.08,0.174,0.578,0.07
203932,Aaron Gordon,1610612743,DEN,27,6-8,80,235,Arizona,USA,2014,1,4,65,1068,423,190,13,0.087,0.138,0.208,0.624,0.127
1628988,Aaron Holiday,1610612737,ATL,26,6-0,72,185,UCLA,USA,2018,1,23,59,232,71,79,0.8,0.027,0.062,0.129,0.532,0.13
1630174,Aaron Nesmith,1610612754,IND,23,6-5,77,215,Vanderbilt,USA,2020,1,14,69,688,260,94,-3.4,0.034,0.118,0.169,0.559,0.074
1630598,Aaron Wiggins,1610612760,OKC,24,6-5,77,190,Maryland,USA,2021,2,55,66,433,201,77,1.3,0.052,0.11,0.142,0.599,0.086
1629678,Admiral Schofield,1610612753,ORL,26,6-5,77,241,Tennessee,United Kingdom,2019,2,42,33,135,56,25,-4.1,0.048,0.098,0.128,0.617,0.096
201143,Al Horford,1610612738,BOS,36,6-9,81,240,Florida,Dominican Republic,2007,1,3,61,594,377,180,7.8,0.039,0.158,0.118,0.634,0.126
202692,Alec Burks,1610612765,DET,31,6-6,78,214,Colorado,USA,2011,1,12,51,652,158,114,-1,0.017,0.124,0.218,0.602,0.15
1630197,Aleksej Pokusevski,1610612760,OKC,21,7-0,84,210,None,Serbia,2020,1,17,34,276,159,64,-12.7,0.058,0.16,0.179,0.522,0.13
1627936,Alex Caruso,1610612741,CHI,29,6-5,77,186,Texas A&M,USA,Undrafted,Undrafted,Undrafted,63,360,188,187,5.9,0.028,0.1,0.11,0.588,0.158
203458,Alex Len,1610612758,SAC,29,7-2,86,250,Maryland,Ukraine,2013,1,5,21,26,29,6,3.2,0.067,0.207,0.14,0.556,0.09
1628993,Alize Johnson,1610612759,SAS,26,6-8,80,212,Missouri State,USA,2018,2,50,4,7,10,1,19,0.063,0.211,0.145,0.509,0.042
1631214,Alondes Williams,1610612751,BKN,23,6-4,76,210,Wake Forest,USA,Undrafted,Undrafted,Undrafted,1,0,1,0,-53,0,0.25,0.143,0,0
1630578,Alperen Sengun,1610612745,HOU,20,6-11,83,243,None,Turkey,2021,1,16,71,1045,620,270,-8.6,0.107,0.198,0.211,0.601,0.198
1629599,Amir Coffey,1610612746,LAC,25,6-7,79,210,Minnesota,USA,Undrafted,Undrafted,Undrafted,49,172,53,53,-8.8,0.026,0.055,0.129,0.498,0.119
203083,Andre Drummond,1610612741,CHI,29,6-11,83,279,Connecticut,USA,2012,1,9,63,384,425,33,4.1,0.161,0.353,0.198,0.61,0.06
2738,Andre Iguodala,1610612744,GSW,39,6-6,78,215,Arizona,USA,2004,1,9,8,17,17,19,12,0.027,0.113,0.089,0.521,0.183
1629614,Andrew Nembhard,1610612754,IND,23,6-3,75,191,Gonzaga,Canada,2022,2,31,71,653,187,305,-5.5,0.016,0.079,0.156,0.527,0.21
203952,Andrew Wiggins,1610612744,GSW,28,6-7,79,197,Kansas,Canada,2014,1,1,37,633,186,85,5.2,0.05,0.101,0.212,0.564,0.1
1629014,Anfernee Simons,1610612757,POR,23,6-3,75,181,None,USA,2018,1,24,62,1306,161,253,-1.6,0.008,0.067,0.247,0.581,0.186
203076,Anthony Davis,1610612747,LAL,30,6-10,82,253,Kentucky,USA,2012,1,1,51,1343,634,131,4.2,0.101,0.246,0.28,0.631,0.127
1630162,Anthony Edwards,1610612750,MIN,21,6-4,76,225,Georgia,USA,2020,1,1,75,1827,430,334,1.6,0.015,0.138,0.287,0.564,0.191
1630264,Anthony Gill,1610612764,WAS,30,6-8,80,230,Virginia,USA,Undrafted,Undrafted,Undrafted,54,168,85,29,-1.3,0.061,0.099,0.113,0.626,0.075
1630237,Anthony Lamb,1610612744,GSW,25,6-6,78,227,Vermont,USA,Undrafted,Undrafted,Undrafted,58,397,201,93,1.9,0.045,0.126,0.135,0.608,0.112
1630559,Austin Reaves,1610612747,LAL,24,6-5,77,197,Oklahoma,USA,Undrafted,Undrafted,Undrafted,59,733,181,188,3.5,0.02,0.081,0.153,0.674,0.151
203085,Austin Rivers,1610612750,MIN,30,6-4,76,200,Duke,USA,2012,1,10,52,255,83,75,-4.9,0.005,0.078,0.104,0.564,0.095
1630245,Ayo Dosunmu,1610612741,CHI,23,6-5,77,200,Illinois,USA,2021,2,38,75,654,206,196,-2.2,0.022,0.08,0.145,0.572,0.137
1628389,Bam Adebayo,1610612748,MIA,25,6-9,81,255,Kentucky,USA,2017,1,14,72,1493,673,236,1.6,0.072,0.207,0.252,0.59,0.156
1627732,Ben Simmons,1610612751,BKN,26,6-10,82,240,Louisiana State,Australia,2016,1,1,42,291,263,256,2.1,0.04,0.186,0.142,0.559,0.295
1631097,Bennedict Mathurin,1610612754,IND,20,6-5,77,210,Arizona,Canada,2022,1,6,74,1224,294,103,-3.9,0.036,0.103,0.234,0.565,0.074
202687,Bismack Biyombo,1610612756,PHX,30,6-8,80,255,None,DRC,2011,1,7,57,242,245,54,1.4,0.096,0.183,0.137,0.546,0.093
201933,Blake Griffin,1610612738,BOS,34,6-9,81,250,Oklahoma,USA,2009,1,1,37,162,140,52,8.5,0.076,0.193,0.129,0.587,0.133
1631104,Blake Wesley,1610612759,SAS,20,6-4,76,185,Notre Dame,USA,2022,1,25,32,154,62,81,-14.3,0.016,0.096,0.184,0.394,0.206
1626246,Boban Marjanovic,1610612745,HOU,34,7-4,88,290,None,Serbia,Undrafted,Undrafted,Undrafted,28,86,51,8,18.1,0.113,0.226,0.205,0.7,0.081
1626171,Bobby Portis,1610612749,MIL,28,6-11,83,250,Arkansas,USA,2015,1,22,66,907,630,100,0,0.081,0.259,0.209,0.57,0.088
203992,Bogdan Bogdanovic,1610612737,ATL,30,6-5,77,225,None,Serbia,2014,1,27,51,705,157,142,0.9,0.016,0.093,0.196,0.58,0.133
202711,Bojan Bogdanovic,1610612765,DET,33,6-7,79,226,None,Croatia,2011,2,31,59,1273,223,152,-8.2,0.018,0.099,0.251,0.627,0.133
1629626,Bol Bol,1610612753,ORL,23,7-2,86,220,Oregon,Sudan,2019,2,44,67,605,387,61,-3.5,0.046,0.22,0.173,0.622,0.064
1630538,Bones Hyland,1610612746,LAC,22,6-2,74,169,Virginia Commonwealth,USA,2021,1,26,53,625,122,163,-6.6,0.019,0.105,0.273,0.535,0.249
203078,Bradley Beal,1610612764,WAS,29,6-4,76,207,Florida,USA,2012,1,3,50,1160,196,271,0.7,0.026,0.091,0.288,0.593,0.26
1630527,Brandon Boston Jr.,1610612746,LAC,21,6-6,78,188,Kentucky,USA,2021,2,51,21,143,29,19,-7.4,0.024,0.094,0.236,0.519,0.124
1629634,Brandon Clarke,1610612763,MEM,26,6-8,80,215,Gonzaga,Canada,2019,1,21,56,559,310,72,0.7,0.079,0.177,0.174,0.681,0.1
1627742,Brandon Ingram,1610612740,NOP,25,6-8,80,190,Duke,USA,2016,1,2,41,1006,214,229,3,0.013,0.144,0.308,0.583,0.272
1630296,Braxton Key,1610612765,DET,26,6-8,80,225,Virginia,USA,Undrafted,Undrafted,Undrafted,3,4,1,0,-4.5,0,0.067,0.091,1.064,0
201572,Brook Lopez,1610612749,MIL,35,7-1,85,282,Stanford,USA,2008,1,10,75,1172,507,97,6.3,0.063,0.138,0.185,0.627,0.061
1628971,Bruce Brown,1610612743,DEN,26,6-4,76,202,Miami,USA,2018,2,42,76,851,308,253,0.8,0.028,0.118,0.172,0.569,0.164
1628981,Bruno Fernando,1610612737,ATL,24,6-10,82,240,Maryland,Angola,2019,2,34,36,132,126,31,-9.4,0.124,0.188,0.152,0.558,0.123
1631121,Bryce McGowens,1610612766,CHA,20,6-6,78,175,Nebraska,USA,2022,2,40,42,177,76,43,-10.4,0.025,0.085,0.134,0.487,0.092
1627854,Bryn Forbes,1610612750,MIN,29,6-2,74,205,Michigan State,USA,Undrafted,Undrafted,Undrafted,25,89,15,17,-8.5,0.015,0.04,0.155,0.497,0.087
1631205,Buddy Boeheim,1610612765,DET,23,6-6,78,205,Syracuse,USA,Undrafted,Undrafted,Undrafted,7,14,4,3,13.7,0.026,0.027,0.146,0.293,0.059
1627741,Buddy Hield,1610612754,IND,30,6-4,76,220,Oklahoma,Bahamas,2016,1,6,76,1284,381,212,-2.3,0.027,0.13,0.205,0.608,0.128
203468,CJ McCollum,1610612740,NOP,31,6-3,75,190,Lehigh,USA,2013,1,10,71,1479,303,413,1.3,0.022,0.101,0.261,0.542,0.247
1630595,Cade Cunningham,1610612765,DET,21,6-7,79,220,Oklahoma State,USA,2021,1,1,12,239,74,72,-6.1,0.027,0.148,0.287,0.492,0.306
1631216,Caleb Houstan,1610612753,ORL,20,6-8,80,205,Michigan,Canada,2022,2,32,47,161,95,24,-3.4,0.043,0.092,0.103,0.504,0.045
1628997,Caleb Martin,1610612748,MIA,27,6-5,77,205,Nevada,USA,Undrafted,Undrafted,Undrafted,67,658,328,106,-0.8,0.043,0.13,0.143,0.576,0.079
1629629,Cam Reddish,1610612757,POR,23,6-7,79,217,Duke,USA,2019,1,10,40,387,88,57,-9,0.017,0.07,0.166,0.561,0.085
1630560,Cam Thomas,1610612751,BKN,21,6-3,75,210,Louisiana State,Japan,2021,1,27,54,556,91,77,-0.7,0.009,0.091,0.265,0.562,0.138
1629661,Cameron Johnson,1610612751,BKN,27,6-8,80,210,North Carolina,USA,2019,1,11,38,585,165,70,6.7,0.028,0.121,0.204,0.609,0.099
1626166,Cameron Payne,1610612756,PHX,28,6-1,73,183,Murray State,USA,2015,1,14,45,473,104,204,3.6,0.012,0.101,0.238,0.513,0.304
1627747,Caris LeVert,1610612739,CLE,28,6-6,78,205,Michigan,USA,2016,1,20,72,863,276,283,4.4,0.025,0.105,0.184,0.54,0.185
1630637,Carlik Jones,1610612741,CHI,25,6-0,72,174,Louisville,USA,Undrafted,Undrafted,Undrafted,4,3,3,2,8.5,0.03,0.069,0.143,0.171,0.091
1626224,Cedi Osman,1610612739,CLE,27,6-7,79,230,None,Turkey,2015,2,31,73,640,167,108,7.2,0.017,0.098,0.177,0.576,0.105
1629646,Charles Bassey,1610612759,SAS,22,6-9,81,230,Western Kentucky,Nigeria,2021,2,53,35,199,193,47,-2.4,0.14,0.232,0.152,0.658,0.128
1631320,Chima Moneke,1610612758,SAC,27,6-5,77,223,Cal-Davis,Nigeria,Undrafted,Undrafted,Undrafted,2,2,2,1,-57.2,0.25,0,0.25,0.347,0.25
1629002,Chimezie Metu,1610612758,SAC,26,6-9,81,225,Southern California,USA,2018,2,49,63,297,189,40,7.5,0.07,0.203,0.162,0.639,0.082
1628449,Chris Boucher,1610612761,TOR,30,6-9,81,200,Oregon,Saint Lucia,Undrafted,Undrafted,Undrafted,71,667,402,28,-1.4,0.096,0.191,0.174,0.59,0.03
1630537,Chris Duarte,1610612754,IND,25,6-5,77,190,Oregon,Dominican Republic,2021,1,13,46,362,115,64,-6.2,0.02,0.106,0.181,0.496,0.101
101108,Chris Paul,1610612756,PHX,37,6-0,72,175,Wake Forest,USA,2005,1,4,56,756,240,511,1.9,0.014,0.119,0.195,0.541,0.4
1629735,Chris Silva,1610612742,DAL,26,6-8,80,234,South Carolina,Gabon,Undrafted,Undrafted,Undrafted,1,2,0,0,12.5,0,0,0.25,1,0
1631128,Christian Braun,1610612743,DEN,21,6-6,78,220,Kansas,USA,2022,1,21,71,311,160,53,-4.5,0.041,0.113,0.12,0.578,0.069
1631132,Christian Koloko,1610612761,TOR,22,7-0,84,230,Arizona,Cameroon,2022,2,33,53,167,159,26,9.1,0.094,0.11,0.1,0.512,0.046
1626174,Christian Wood,1610612742,DAL,27,6-9,81,214,UNLV,USA,Undrafted,Undrafted,Undrafted,65,1082,477,118,-1.5,0.053,0.242,0.259,0.627,0.12
1629643,Chuma Okeke,1610612753,ORL,24,6-8,80,229,Auburn,USA,2019,1,16,23,104,80,26,-8.7,0.052,0.13,0.116,0.504,0.086
203991,Clint Capela,1610612737,ATL,28,6-10,82,256,None,Switzerland,2014,1,25,61,731,680,56,-1.8,0.146,0.267,0.151,0.652,0.046
1629632,Coby White,1610612741,CHI,23,6-5,77,195,North Carolina,USA,2019,1,7,69,646,189,184,3.2,0.01,0.106,0.167,0.568,0.156
1628998,Cody Martin,1610612766,CHA,27,6-6,78,205,Nevada,USA,2019,2,36,7,35,24,11,-9.7,0.056,0.109,0.121,0.448,0.111
203469,Cody Zeller,1610612748,MIA,30,6-11,83,240,Indiana,USA,2013,1,4,13,75,55,7,-6.9,0.131,0.193,0.167,0.623,0.062
1630175,Cole Anthony,1610612753,ORL,22,6-3,75,185,North Carolina,USA,2020,1,15,57,735,269,221,-0.8,0.028,0.153,0.208,0.568,0.226
1631306,Cole Swider,1610612747,LAL,23,6-9,81,220,Syracuse,USA,Undrafted,Undrafted,Undrafted,6,9,7,4,2,0.024,0.162,0.09,0.5,0.105
1629012,Collin Sexton,1610612762,UTA,24,6-2,74,190,Alabama,USA,2018,1,8,47,670,104,135,0.1,0.033,0.056,0.228,0.62,0.176
1630557,Corey Kispert,1610612764,WAS,24,6-6,78,224,Gonzaga,USA,2021,1,15,69,730,192,83,-2.6,0.016,0.082,0.133,0.662,0.057
202709,Cory Joseph,1610612765,DET,31,6-3,75,200,Texas,Canada,2011,1,29,57,378,94,193,-2.6,0.015,0.072,0.151,0.558,0.254
1626156,D'Angelo Russell,1610612747,LAL,27,6-4,76,193,Ohio State,USA,2015,1,2,67,1201,204,418,1,0.016,0.075,0.227,0.603,0.279
1630227,Daishen Nix,1610612745,HOU,21,6-4,76,226,None,USA,Undrafted,Undrafted,Undrafted,54,224,96,129,-7.5,0.019,0.093,0.15,0.459,0.194
1630625,Dalano Banton,1610612761,TOR,23,6-7,79,204,Nebraska,Canada,2021,2,46,27,120,36,29,-10.3,0.033,0.113,0.22,0.499,0.181
1631207,Dalen Terry,1610612741,CHI,20,6-7,79,195,Arizona,USA,2022,1,18,33,62,30,21,2.4,0.057,0.111,0.153,0.529,0.176
1627745,Damian Jones,1610612762,UTA,27,6-11,83,245,Vanderbilt,USA,2016,1,30,37,108,102,12,-11.3,0.081,0.157,0.103,0.675,0.045
203081,Damian Lillard,1610612757,POR,32,6-2,74,195,Weber State,USA,2012,1,6,58,1866,277,425,2.1,0.022,0.112,0.331,0.645,0.338
1627814,Damion Lee,1610612756,PHX,30,6-5,77,210,Drexel,USA,Undrafted,Undrafted,Undrafted,71,586,215,98,3.5,0.023,0.124,0.153,0.613,0.095
1629655,Daniel Gafford,1610612764,WAS,24,6-10,82,234,Arkansas,USA,2019,2,38,74,639,401,77,-2.2,0.103,0.154,0.142,0.728,0.072
1628464,Daniel Theis,1610612754,IND,30,6-8,80,245,None,Germany,Undrafted,Undrafted,Undrafted,7,49,22,9,-8.2,0.059,0.147,0.201,0.497,0.125
201980,Danny Green,1610612739,CLE,35,6-6,78,215,North Carolina,USA,2009,2,46,9,27,7,2,-12.1,0.025,0.057,0.149,0.576,0.034
1627863,Danuel House Jr.,1610612755,PHI,29,6-6,78,220,Texas A&M,USA,Undrafted,Undrafted,Undrafted,51,223,83,37,0.3,0.014,0.102,0.125,0.607,0.072
203967,Dario Saric,1610612760,OKC,28,6-10,82,225,None,Croatia,2014,1,12,54,335,191,72,0.8,0.063,0.195,0.188,0.576,0.136
1629647,Darius Bazley,1610612756,PHX,22,6-9,81,216,None,USA,2019,1,23,41,204,128,36,-2.7,0.05,0.156,0.16,0.522,0.088
1630620,Darius Days,1610612745,HOU,23,6-7,79,245,Louisiana State,USA,Undrafted,Undrafted,Undrafted,4,15,6,1,-0.2,0.034,0.227,0.21,0.582,0.067
1629636,Darius Garland,1610612739,CLE,23,6-1,73,192,Vanderbilt,USA,2019,1,5,67,1454,180,522,8,0.012,0.068,0.263,0.59,0.33
1630561,David Duke Jr.,1610612751,BKN,23,6-4,76,204,Providence,USA,Undrafted,Undrafted,Undrafted,20,66,21,16,-1.2,0.045,0.072,0.189,0.486,0.139
1631223,David Roddy,1610612763,MEM,22,6-4,76,255,Colorado State,USA,2022,1,23,65,422,177,47,-1.5,0.039,0.108,0.164,0.519,0.057
1630558,Davion Mitchell,1610612758,SAC,24,6-0,72,202,Baylor,USA,2021,1,9,76,425,102,173,4.3,0.011,0.064,0.139,0.551,0.17
202722,Davis Bertans,1610612742,DAL,30,6-10,82,225,None,Latvia,2011,2,42,42,176,42,20,-6.1,0.018,0.076,0.15,0.614,0.071
1628432,Davon Reed,1610612747,LAL,27,6-5,77,206,Miami,USA,2017,2,32,41,87,58,21,-14.5,0.031,0.145,0.142,0.465,0.092
1630549,Day'Ron Sharpe,1610612751,BKN,21,6-9,81,265,North Carolina,USA,2021,1,29,43,200,175,33,-9,0.164,0.189,0.176,0.577,0.099
1628368,De'Aaron Fox,1610612758,SAC,25,6-3,75,185,Kentucky,USA,2017,1,5,69,1734,290,423,2.5,0.015,0.112,0.286,0.604,0.281
1629631,De'Andre Hunter,1610612737,ATL,25,6-8,80,221,Virginia,USA,2019,1,4,65,1001,277,92,-0.5,0.021,0.111,0.192,0.562,0.059
1629001,De'Anthony Melton,1610612755,PHI,24,6-2,74,200,Southern California,USA,2018,2,46,74,774,307,194,3.5,0.035,0.116,0.164,0.573,0.135
201599,DeAndre Jordan,1610612743,DEN,34,6-11,83,265,Texas A&M,USA,2008,2,35,36,174,180,31,-8.8,0.087,0.257,0.134,0.717,0.086
201942,DeMar DeRozan,1610612741,CHI,33,6-6,78,220,Southern California,USA,2009,1,9,70,1740,329,357,1.9,0.014,0.117,0.272,0.598,0.22
1629731,Dean Wade,1610612739,CLE,26,6-9,81,228,Kansas State,USA,Undrafted,Undrafted,Undrafted,40,182,133,32,6.6,0.02,0.149,0.099,0.548,0.056
1629028,Deandre Ayton,1610612756,PHX,24,7-0,84,250,Arizona,Bahamas,2018,1,1,64,1149,640,112,-0.1,0.083,0.25,0.232,0.612,0.092
1627749,Dejounte Murray,1610612737,ATL,26,6-5,77,180,Washington,USA,2016,1,29,70,1435,371,429,-1.5,0.019,0.128,0.24,0.537,0.243
1626153,Delon Wright,1610612764,WAS,30,6-5,77,185,Utah,USA,2015,1,20,48,350,168,183,3.3,0.051,0.092,0.123,0.585,0.205
1630166,Deni Avdija,1610612764,WAS,22,6-9,81,210,None,Israel,2020,1,9,75,688,484,206,-0.7,0.038,0.197,0.164,0.535,0.141
203471,Dennis Schroder,1610612747,LAL,29,6-1,73,172,None,Germany,2013,1,17,63,809,158,287,2.8,0.009,0.068,0.183,0.553,0.203
1628372,Dennis Smith Jr.,1610612766,CHA,25,6-2,74,205,North Carolina State,USA,2017,1,9,54,474,167,261,-2.6,0.018,0.093,0.175,0.475,0.275
1629126,Deonte Burton,1610612758,SAC,29,6-4,76,240,Iowa State,USA,Undrafted,Undrafted,Undrafted,2,0,0,0,51.8,0,0,0.133,0,0
1631220,Dereon Seabron,1610612740,NOP,22,6-5,77,180,North Carolina State,USA,Undrafted,Undrafted,Undrafted,5,4,1,0,36.8,0.067,0,0.156,0.4,0
1627884,Derrick Jones Jr.,1610612741,CHI,26,6-6,78,210,UNLV,USA,Undrafted,Undrafted,Undrafted,59,297,141,34,5.8,0.07,0.098,0.137,0.602,0.056
201565,Derrick Rose,1610612752,NYK,34,6-3,75,200,Memphis,USA,2008,1,1,27,152,40,46,-3.5,0.022,0.082,0.22,0.463,0.208
1628401,Derrick White,1610612738,BOS,28,6-4,76,190,Colorado,USA,2017,1,29,78,959,276,304,11.1,0.023,0.097,0.172,0.603,0.189
1630217,Desmond Bane,1610612763,MEM,24,6-5,77,215,TCU,USA,2020,1,30,54,1156,267,234,9.7,0.022,0.123,0.254,0.603,0.201
1626164,Devin Booker,1610612756,PHX,26,6-5,77,206,Kentucky,USA,2015,1,13,50,1407,227,272,6,0.026,0.105,0.314,0.602,0.249
1630170,Devin Vassell,1610612759,SAS,22,6-5,77,200,Florida State,USA,2020,1,11,38,703,148,136,-11.7,0.006,0.125,0.24,0.55,0.173
1629653,Devon Dotson,1610612764,WAS,23,6-1,73,185,Kansas,USA,Undrafted,Undrafted,Undrafted,6,3,10,8,-5.7,0.107,0.085,0.102,0.15,0.211
1628984,Devonte' Graham,1610612759,SAS,28,6-1,73,195,Kansas,USA,2018,2,34,71,527,119,193,-6.1,0.013,0.081,0.165,0.557,0.211
203473,Dewayne Dedmon,1610612755,PHI,33,6-10,82,245,Southern California,USA,Undrafted,Undrafted,Undrafted,36,181,122,19,-13,0.076,0.226,0.195,0.568,0.088
1628415,Dillon Brooks,1610612763,MEM,27,6-6,78,225,Oregon,Canada,2017,2,45,70,997,230,181,5.8,0.018,0.083,0.214,0.492,0.117
1627734,Domantas Sabonis,1610612758,SAC,26,7-1,85,240,Gonzaga,Lithuania,2016,1,11,75,1435,933,540,4.5,0.095,0.276,0.213,0.666,0.294
1631230,Dominick Barlow,1610612759,SAS,19,6-9,81,215,None,USA,Undrafted,Undrafted,Undrafted,23,66,61,12,-21.7,0.086,0.121,0.106,0.536,0.062
1628378,Donovan Mitchell,1610612739,CLE,26,6-1,73,215,Louisville,USA,2017,1,13,66,1839,278,296,5.6,0.028,0.096,0.309,0.61,0.208
1628978,Donte DiVincenzo,1610612744,GSW,26,6-4,76,203,Villanova,USA,2018,1,17,68,616,294,226,0.7,0.038,0.122,0.145,0.581,0.168
1627827,Dorian Finney-Smith,1610612751,BKN,29,6-7,79,220,Florida,USA,Undrafted,Undrafted,Undrafted,63,524,303,96,-0.4,0.057,0.105,0.129,0.519,0.07
203926,Doug McDermott,1610612759,SAS,31,6-6,78,225,Creighton,USA,2014,1,11,62,622,135,90,-9.5,0.015,0.087,0.182,0.589,0.099
203110,Draymond Green,1610612744,GSW,33,6-6,78,230,Michigan State,USA,2012,2,35,69,583,499,479,6.3,0.027,0.188,0.129,0.593,0.273
1629234,Drew Eubanks,1610612757,POR,26,6-10,82,245,Oregon State,USA,Undrafted,Undrafted,Undrafted,75,475,396,96,-3.9,0.085,0.184,0.118,0.675,0.092
1630696,Dru Smith,1610612751,BKN,25,6-3,75,203,Missouri,USA,Undrafted,Undrafted,Undrafted,12,42,19,16,-3,0.015,0.123,0.139,0.519,0.18
1630613,Duane Washington Jr.,1610612752,NYK,23,6-2,74,197,Ohio State,Germany,Undrafted,Undrafted,Undrafted,31,244,36,63,-0.5,0.004,0.085,0.298,0.458,0.26
1629130,Duncan Robinson,1610612748,MIA,28,6-7,79,215,Michigan,USA,Undrafted,Undrafted,Undrafted,39,238,62,40,-5.1,0.013,0.093,0.17,0.533,0.099
203939,Dwight Powell,1610612742,DAL,31,6-10,82,240,Stanford,Canada,2014,2,45,73,497,306,65,5.9,0.105,0.123,0.125,0.735,0.065
1629685,Dylan Windler,1610612739,CLE,26,6-7,79,196,Belmont,USA,2019,1,26,3,5,0,1,4.4,0,0,0.182,0.833,0.2
1630700,Dyson Daniels,1610612740,NOP,20,6-7,79,199,None,Australia,2022,1,8,56,215,178,129,1,0.034,0.136,0.112,0.495,0.168
1628410,Edmond Sumner,1610612751,BKN,27,6-4,76,196,Xavier,USA,2017,2,52,51,369,76,68,1.6,0.018,0.085,0.211,0.594,0.135
201569,Eric Gordon,1610612746,LAC,34,6-3,75,215,Indiana,USA,2008,1,7,66,836,129,178,-5.9,0.008,0.058,0.171,0.591,0.134
1630647,Eugene Omoruyi,1610612765,DET,26,6-6,78,235,Oregon,Nigeria,Undrafted,Undrafted,Undrafted,37,242,103,23,0.4,0.068,0.109,0.185,0.536,0.059
203095,Evan Fournier,1610612752,NYK,30,6-6,78,205,None,France,2012,1,20,23,157,45,35,0.7,0.009,0.093,0.18,0.49,0.119
1630596,Evan Mobley,1610612739,CLE,21,6-11,83,215,Southern California,USA,2021,1,3,76,1243,683,216,6.2,0.072,0.2,0.199,0.595,0.122
1630267,Facundo Campazzo,1610612742,DAL,32,5-10,70,195,None,Argentina,Undrafted,Undrafted,Undrafted,8,10,2,9,11,0,0.041,0.144,0.36,0.3
1628402,Frank Jackson,1610612762,UTA,24,6-3,75,205,Duke,USA,2017,2,31,1,0,2,1,-22.2,0.125,0.333,0.25,0,0.25
1626163,Frank Kaminsky,1610612745,HOU,29,7-0,84,240,Wisconsin,USA,2015,1,9,34,80,45,28,-2.3,0.018,0.209,0.146,0.645,0.189
1628373,Frank Ntilikina,1610612742,DAL,24,6-4,76,200,None,France,2017,1,8,45,116,57,52,8,0.012,0.091,0.123,0.461,0.131
1630532,Franz Wagner,1610612753,ORL,21,6-10,82,220,Michigan,Germany,2021,1,8,76,1430,309,271,0.6,0.027,0.096,0.229,0.593,0.167
1627832,Fred VanVleet,1610612761,TOR,29,6-0,72,197,Wichita State,USA,Undrafted,Undrafted,Undrafted,65,1280,270,456,3.1,0.011,0.112,0.227,0.543,0.271
1627788,Furkan Korkmaz,1610612755,PHI,25,6-7,79,202,None,Turkey,2016,1,26,33,117,33,20,-1.2,0.021,0.09,0.178,0.552,0.102
1629216,Gabe Vincent,1610612748,MIA,26,6-2,74,200,California-Santa Barbara,USA,Undrafted,Undrafted,Undrafted,64,606,137,154,-0.6,0.017,0.069,0.17,0.534,0.135
202066,Garrett Temple,1610612740,NOP,36,6-6,78,195,Louisiana State,USA,Undrafted,Undrafted,Undrafted,24,50,16,13,-5.9,0.022,0.07,0.123,0.546,0.119
1629726,Garrison Mathews,1610612737,ATL,26,6-6,78,215,Lipscomb,USA,Undrafted,Undrafted,Undrafted,52,238,69,25,-5.5,0.013,0.081,0.135,0.569,0.056
203914,Gary Harris,1610612753,ORL,28,6-4,76,210,Michigan State,USA,2014,1,19,46,386,93,57,-2.6,0.018,0.068,0.126,0.622,0.067
1627780,Gary Payton II,1610612744,GSW,30,6-2,74,195,Oregon State,USA,Undrafted,Undrafted,Undrafted,18,77,50,24,3.1,0.059,0.118,0.096,0.725,0.106
1629018,Gary Trent Jr.,1610612761,TOR,24,6-5,77,209,Duke,USA,2018,2,37,63,1116,167,100,-2,0.013,0.072,0.208,0.561,0.073
201588,George Hill,1610612754,IND,36,6-4,76,188,Indiana-Purdue Indianapolis,USA,2008,1,26,44,206,81,102,1.1,0.017,0.078,0.107,0.585,0.174
1627777,Georges Niang,1610612755,PHI,29,6-7,79,230,Iowa State,USA,2016,2,50,74,606,176,75,2.7,0.013,0.109,0.162,0.61,0.076
203507,Giannis Antetokounmpo,1610612749,MIL,28,7-0,84,243,None,Greece,2013,1,15,61,1898,717,343,6.5,0.066,0.267,0.374,0.604,0.314
1629048,Goga Bitadze,1610612753,ORL,23,6-11,83,250,None,Georgia,2019,1,18,33,121,98,32,6.6,0.111,0.154,0.138,0.566,0.124
201609,Goran Dragic,1610612749,MIL,36,6-4,76,190,None,Slovenia,2008,2,45,54,335,71,143,1,0.016,0.072,0.196,0.515,0.24
202330,Gordon Hayward,1610612766,CHA,33,6-7,79,225,Butler,USA,2010,1,9,50,733,215,206,-3.3,0.02,0.112,0.196,0.563,0.187
203476,Gorgui Dieng,1610612759,SAS,33,6-10,82,248,Louisville,Senegal,2013,1,21,28,96,85,43,-18.6,0.069,0.214,0.176,0.487,0.213
1629684,Grant Williams,1610612738,BOS,24,6-6,78,236,Tennessee,USA,2019,1,22,75,624,353,126,5.8,0.042,0.136,0.128,0.613,0.086
1628960,Grayson Allen,1610612749,MIL,27,6-4,76,198,Duke,USA,2018,1,21,71,748,232,162,4.6,0.03,0.08,0.143,0.614,0.108
1630535,Greg Brown III,1610612757,POR,21,6-7,79,206,Texas,USA,2021,2,43,16,28,19,3,-3.4,0.019,0.175,0.17,0.421,0.055
1628977,Hamidou Diallo,1610612765,DET,24,6-5,77,202,Kentucky,USA,2018,2,45,56,522,194,55,-0.6,0.056,0.136,0.21,0.593,0.088
203084,Harrison Barnes,1610612758,SAC,30,6-8,80,225,North Carolina,USA,2012,1,7,77,1153,354,124,4.9,0.033,0.111,0.168,0.631,0.064
1629312,Haywood Highsmith,1610612748,MIA,26,6-5,77,220,Wheeling Jesuit,USA,2018,NA,NA,51,218,170,35,-5.7,0.052,0.135,0.119,0.52,0.059
1630529,Herbert Jones,1610612740,NOP,24,6-7,79,206,Alabama,USA,2021,2,35,62,584,251,148,3.5,0.053,0.089,0.143,0.556,0.106
1630193,Immanuel Quickley,1610612752,NYK,23,6-2,74,190,Kentucky,USA,2020,1,25,77,1094,311,256,5.9,0.024,0.107,0.198,0.574,0.175
1630171,Isaac Okoro,1610612739,CLE,22,6-5,77,225,Auburn,USA,2020,1,5,76,490,187,87,5.4,0.033,0.085,0.117,0.614,0.07
1628392,Isaiah Hartenstein,1610612752,NYK,24,7-0,84,250,None,Germany,2017,2,43,78,381,516,88,6.5,0.126,0.189,0.106,0.564,0.075
1630543,Isaiah Jackson,1610612754,IND,21,6-9,81,205,Kentucky,USA,2021,1,22,59,421,256,47,-6,0.102,0.158,0.165,0.599,0.073
1630198,Isaiah Joe,1610612760,OKC,23,6-3,75,165,Arkansas,USA,2020,2,49,70,659,166,82,5.9,0.019,0.107,0.169,0.631,0.085
1630587,Isaiah Livers,1610612765,DET,24,6-6,78,232,Michigan,USA,2021,2,42,50,321,134,39,-8,0.022,0.094,0.115,0.559,0.048
1630600,Isaiah Mobley,1610612739,CLE,23,6-8,80,238,Southern California,USA,2022,2,49,10,11,12,0,35,0.038,0.275,0.143,0.55,0
1629676,Isaiah Roby,1610612759,SAS,25,6-8,80,230,Nebraska,USA,2019,2,45,42,172,108,38,-10.4,0.04,0.188,0.173,0.497,0.114
1630191,Isaiah Stewart,1610612765,DET,21,6-8,80,250,Washington,USA,2020,1,16,50,567,403,70,-8,0.078,0.202,0.17,0.56,0.073
1630225,Isaiah Todd,1610612764,WAS,21,6-9,81,219,None,USA,2021,2,31,4,2,0,0,-14.8,0,0,0.133,0.25,0
202397,Ish Smith,1610612743,DEN,34,6-0,72,175,Wake Forest,USA,Undrafted,Undrafted,Undrafted,40,93,48,85,-5.9,0.013,0.119,0.187,0.412,0.35
1630688,Ish Wainright,1610612756,PHX,28,6-5,77,250,Baylor,USA,Undrafted,Undrafted,Undrafted,55,239,127,51,7.1,0.05,0.092,0.118,0.536,0.078
1627826,Ivica Zubac,1610612746,LAC,26,7-0,84,240,None,Croatia,2016,2,32,73,777,725,75,-0.8,0.115,0.237,0.148,0.658,0.051
1631120,JD Davison,1610612738,BOS,20,6-1,73,195,Alabama,USA,2022,2,53,10,11,6,6,8.5,0.048,0.152,0.231,0.423,0.316
1630550,JT Thor,1610612766,CHA,20,6-9,81,203,Auburn,USA,2021,2,37,65,226,132,31,-7.5,0.04,0.109,0.127,0.509,0.053
1629630,Ja Morant,1610612763,MEM,23,6-2,74,174,Murray State,USA,2019,1,2,58,1544,335,466,7.4,0.03,0.136,0.342,0.556,0.411
203210,JaMychal Green,1610612744,GSW,32,6-9,81,227,Alabama,USA,Undrafted,Undrafted,Undrafted,56,364,204,50,-9,0.088,0.166,0.17,0.651,0.095
201580,JaVale McGee,1610612742,DAL,35,7-0,84,270,Nevada,USA,2008,1,18,39,163,99,10,-11.4,0.091,0.211,0.219,0.63,0.053
1631095,Jabari Smith Jr.,1610612745,HOU,19,6-11,83,220,Auburn,USA,2022,1,3,75,947,543,98,-12.2,0.047,0.183,0.184,0.51,0.06
1631133,Jabari Walker,1610612757,POR,20,6-7,79,200,Colorado,USA,2022,2,57,51,171,107,27,-7,0.078,0.13,0.154,0.508,0.076
1631298,Jack White,1610612743,DEN,25,6-7,79,225,Duke,Australia,Undrafted,Undrafted,Undrafted,16,19,9,3,-31.3,0.056,0.14,0.143,0.548,0.097
1630702,Jaden Hardy,1610612742,DAL,20,6-3,75,198,None,USA,2022,2,37,44,380,77,57,-1.9,0.011,0.108,0.251,0.578,0.146
1631093,Jaden Ivey,1610612765,DET,21,6-4,76,195,Purdue,USA,2022,1,5,69,1092,268,352,-12.5,0.031,0.095,0.248,0.526,0.263
1630183,Jaden McDaniels,1610612750,MIN,22,6-9,81,185,Washington,USA,2020,1,28,75,912,293,145,1.8,0.041,0.085,0.157,0.608,0.085
1630531,Jaden Springer,1610612755,PHI,20,6-4,76,202,Tennessee,USA,2021,1,28,14,23,12,5,-10,0.102,0.125,0.211,0.467,0.161
203109,Jae Crowder,1610612749,MIL,32,6-6,78,235,Marquette,USA,2012,2,34,13,68,50,18,2.1,0.047,0.138,0.101,0.632,0.097
1630256,Jae'Sean Tate,1610612745,HOU,27,6-5,77,230,Ohio State,USA,Undrafted,Undrafted,Undrafted,31,283,118,84,-7.3,0.054,0.114,0.178,0.546,0.184
1631222,Jake LaRavia,1610612763,MEM,21,6-7,79,235,Wake Forest,USA,2022,1,19,34,105,63,21,-7.5,0.044,0.101,0.117,0.531,0.068
1627751,Jakob Poeltl,1610612761,TOR,27,7-1,85,245,Utah,Austria,2016,1,9,67,852,617,188,-3.8,0.117,0.242,0.18,0.639,0.148
1628973,Jalen Brunson,1610612752,NYK,26,6-2,74,190,Villanova,USA,2018,2,33,67,1606,238,413,1.7,0.017,0.085,0.266,0.597,0.28
1631105,Jalen Duren,1610612765,DET,19,6-11,83,250,Memphis,USA,2022,1,13,62,553,538,72,-8.1,0.132,0.216,0.137,0.647,0.072
1630224,Jalen Green,1610612745,HOU,21,6-4,76,186,None,USA,2021,1,2,72,1587,270,260,-9.5,0.016,0.094,0.275,0.539,0.167
1630552,Jalen Johnson,1610612737,ATL,21,6-8,80,219,Duke,USA,2021,1,20,65,337,258,67,-0.2,0.049,0.216,0.148,0.547,0.094
1629667,Jalen McDaniels,1610612755,PHI,25,6-9,81,205,San Diego State,USA,2019,2,52,75,705,327,123,-3.3,0.031,0.145,0.165,0.556,0.095
1630188,Jalen Smith,1610612754,IND,23,6-9,81,215,Maryland,USA,2020,1,10,66,611,383,66,-3.3,0.093,0.204,0.203,0.557,0.078
1630591,Jalen Suggs,1610612753,ORL,21,6-5,77,205,Gonzaga,USA,2021,1,5,48,461,141,146,-2.1,0.043,0.08,0.194,0.516,0.183
1631114,Jalen Williams,1610612760,OKC,21,6-5,77,211,Santa Clara,USA,2022,1,12,72,1016,329,239,-1,0.035,0.111,0.18,0.605,0.153
1631288,Jamal Cain,1610612748,MIA,24,6-6,78,191,Oakland,USA,Undrafted,Undrafted,Undrafted,15,66,39,9,-0.2,0.064,0.136,0.136,0.579,0.08
1627750,Jamal Murray,1610612743,DEN,26,6-4,76,215,Kentucky,Canada,2016,1,7,62,1250,250,383,6.4,0.024,0.101,0.257,0.569,0.263
1631123,Jamaree Bouyea,1610612764,WAS,23,6-2,74,180,San Francisco,USA,Undrafted,Undrafted,Undrafted,5,15,6,4,-13.2,0.016,0.086,0.12,0.504,0.091
1630547,James Bouknight,1610612766,CHA,22,6-4,76,190,Connecticut,USA,2021,1,11,30,144,64,37,-5.7,0.016,0.128,0.183,0.446,0.128
201935,James Harden,1610612755,PHI,33,6-5,77,220,Arizona State,USA,2009,1,3,55,1171,343,598,7.1,0.021,0.153,0.248,0.61,0.445
201949,James Johnson,1610612754,IND,36,6-7,79,240,Wake Forest,USA,2009,1,16,16,39,22,11,4.5,0.013,0.164,0.141,0.47,0.113
1630164,James Wiseman,1610612765,DET,22,7-0,84,240,Memphis,USA,2020,1,2,40,394,233,26,-15.5,0.084,0.23,0.21,0.598,0.056
1630215,Jared Butler,1610612760,OKC,22,6-3,75,193,Baylor,USA,2021,2,40,3,9,1,4,-23.3,0,0.031,0.169,0.563,0.235
1631197,Jared Rhoden,1610612765,DET,23,6-6,78,210,Seton Hall,USA,Undrafted,Undrafted,Undrafted,9,22,19,3,16.3,0.086,0.125,0.106,0.506,0.048
1628991,Jaren Jackson Jr.,1610612763,MEM,23,6-10,82,242,Michigan State,USA,2018,1,4,59,1049,398,52,10.1,0.056,0.161,0.236,0.605,0.045
1629020,Jarred Vanderbilt,1610612747,LAL,23,6-8,80,214,Kentucky,USA,2018,2,41,73,591,562,180,-2.1,0.092,0.221,0.138,0.604,0.139
1629714,Jarrell Brantley,1610612762,UTA,26,6-5,77,250,College of Charleston,USA,2019,2,50,4,22,6,3,16.2,0.02,0.093,0.172,0.739,0.125
1628386,Jarrett Allen,1610612739,CLE,24,6-9,81,243,Texas,USA,2017,1,22,65,938,646,109,7.5,0.106,0.212,0.162,0.672,0.073
1629633,Jarrett Culver,1610612737,ATL,24,6-6,78,195,Texas Tech,USA,2019,1,6,10,44,38,6,-5.7,0.065,0.219,0.164,0.452,0.055
1630554,Jason Preston,1610612746,LAC,23,6-3,75,181,Ohio,USA,2021,2,33,13,41,22,27,-0.9,0.014,0.179,0.168,0.489,0.314
1629750,Javonte Green,1610612741,CHI,29,6-5,77,205,Radford,USA,Undrafted,Undrafted,Undrafted,31,164,85,23,6.5,0.059,0.117,0.129,0.656,0.064
1629637,Jaxson Hayes,1610612740,NOP,22,7-0,84,220,Texas,USA,2019,1,8,46,233,131,34,-5.6,0.059,0.152,0.149,0.608,0.089
1630643,Jay Huff,1610612764,WAS,25,7-1,85,240,Virginia,USA,Undrafted,Undrafted,Undrafted,3,7,4,1,40.7,0,0.267,0.194,0.833,0.143
1627759,Jaylen Brown,1610612738,BOS,26,6-6,78,223,California,USA,2016,1,3,66,1759,448,227,5.4,0.033,0.15,0.306,0.585,0.162
1629669,Jaylen Nowell,1610612750,MIN,23,6-4,76,201,Washington,USA,2019,2,43,65,704,170,132,0,0.028,0.107,0.238,0.527,0.156
1631119,Jaylin Williams,1610612760,OKC,20,6-9,81,240,Arkansas,USA,2022,2,34,46,266,222,69,-4.4,0.041,0.23,0.133,0.552,0.107
1628369,Jayson Tatum,1610612738,BOS,25,6-8,80,210,Duke,USA,2017,1,3,72,2185,640,332,8.4,0.029,0.201,0.319,0.609,0.203
1630288,Jeff Dowtin Jr.,1610612761,TOR,25,6-3,75,177,Rhode Island,USA,Undrafted,Undrafted,Undrafted,23,60,23,26,0.6,0.024,0.073,0.112,0.508,0.143
201145,Jeff Green,1610612743,DEN,36,6-8,80,235,Georgetown,USA,2007,1,5,52,401,133,61,-9.1,0.035,0.096,0.166,0.575,0.091
203924,Jerami Grant,1610612757,POR,29,6-8,80,210,Syracuse,USA,2014,2,39,63,1290,283,150,-1.2,0.025,0.104,0.227,0.606,0.103
1630526,Jeremiah Robinson-Earl,1610612760,OKC,22,6-8,80,240,Villanova,USA,2021,2,32,41,282,172,40,-1.6,0.085,0.127,0.142,0.558,0.068
1631110,Jeremy Sochan,1610612759,SAS,19,6-8,80,230,Baylor,Poland,2022,1,9,56,614,295,142,-7,0.06,0.14,0.195,0.509,0.132
1630579,Jericho Sims,1610612752,NYK,24,6-10,82,250,Texas,USA,2021,2,58,50,172,232,24,-6.7,0.116,0.176,0.075,0.774,0.044
1628975,Jevon Carter,1610612749,MIL,27,6-1,73,200,West Virginia,USA,2018,2,32,77,620,193,180,2.3,0.019,0.084,0.149,0.56,0.144
202710,Jimmy Butler,1610612748,MIA,33,6-7,79,230,Marquette,USA,2011,1,30,62,1415,364,326,0.8,0.07,0.118,0.248,0.643,0.262
1629111,Jock Landale,1610612756,PHX,27,6-11,83,255,St. Mary's,Australia,Undrafted,Undrafted,Undrafted,65,422,260,62,8.5,0.115,0.161,0.18,0.595,0.097
203925,Joe Harris,1610612751,BKN,31,6-6,78,220,Virginia,USA,2014,2,33,70,533,158,98,-1.4,0.016,0.088,0.139,0.619,0.091
204060,Joe Ingles,1610612749,MIL,35,6-9,81,220,None,Australia,Undrafted,Undrafted,Undrafted,42,288,122,134,2.7,0.013,0.105,0.122,0.604,0.177
1630580,Joe Wieskamp,1610612761,TOR,23,6-6,78,205,Iowa,USA,2021,2,41,5,9,2,1,-13.7,0,0.051,0.117,0.563,0.05
203954,Joel Embiid,1610612755,PHI,29,7-0,84,280,Kansas,Cameroon,2014,1,3,63,2082,642,261,9.2,0.058,0.242,0.37,0.653,0.231
1631219,John Butler Jr.,1610612757,POR,20,7-0,84,190,Florida State,USA,Undrafted,Undrafted,Undrafted,14,8,7,4,-10.1,0.009,0.068,0.078,0.217,0.056
1628381,John Collins,1610612737,ATL,25,6-9,81,226,Wake Forest,USA,2017,1,19,67,862,435,82,-0.6,0.035,0.179,0.167,0.585,0.053
1629723,John Konchar,1610612763,MEM,27,6-5,77,210,Indiana-Purdue Fort Wayne,USA,Undrafted,Undrafted,Undrafted,67,339,281,89,7.7,0.037,0.149,0.101,0.541,0.078
202322,John Wall,1610612746,LAC,32,6-3,75,210,Kentucky,USA,2010,1,1,34,386,92,178,-6.6,0.018,0.096,0.259,0.497,0.38
1631098,Johnny Davis,1610612764,WAS,21,6-4,76,195,Wisconsin,USA,2022,1,10,23,78,35,9,-5.9,0.024,0.112,0.165,0.43,0.058
1630548,Johnny Juzang,1610612762,UTA,22,6-6,78,209,UCLA,USA,Undrafted,Undrafted,Undrafted,15,70,30,7,-15.3,0.018,0.127,0.179,0.428,0.056
202685,Jonas Valanciunas,1610612740,NOP,30,6-11,83,265,None,Lithuania,2011,1,5,75,1079,760,133,-1.3,0.116,0.291,0.231,0.614,0.109
1628371,Jonathan Isaac,1610612753,ORL,25,6-10,82,230,Florida State,USA,2017,1,6,11,55,44,6,-5.8,0.099,0.25,0.198,0.483,0.085
1630228,Jonathan Kuminga,1610612744,GSW,20,6-7,79,225,None,DRC,2021,1,7,63,618,214,115,-1.8,0.051,0.114,0.196,0.59,0.129
203903,Jordan Clarkson,1610612762,UTA,30,6-5,77,194,Missouri,USA,2014,2,46,61,1271,246,270,0.8,0.036,0.083,0.273,0.558,0.209
1630692,Jordan Goodwin,1610612764,WAS,24,6-3,75,200,St. Louis,USA,Undrafted,Undrafted,Undrafted,57,344,178,138,-4.5,0.051,0.127,0.157,0.536,0.206
1631160,Jordan Hall,1610612759,SAS,21,6-7,79,215,St. Joseph's (PA),USA,Undrafted,Undrafted,Undrafted,9,28,12,11,-13.1,0.033,0.129,0.197,0.438,0.22
1629162,Jordan McLaughlin,1610612750,MIN,26,6-0,72,185,Southern California,USA,Undrafted,Undrafted,Undrafted,40,148,58,132,5.1,0.024,0.064,0.115,0.503,0.254
1629670,Jordan Nwora,1610612754,IND,24,6-9,81,225,Louisville,USA,2020,2,45,58,484,208,81,-9.5,0.04,0.148,0.185,0.561,0.107
1629673,Jordan Poole,1610612744,GSW,23,6-4,76,194,Michigan,USA,2019,1,28,78,1599,214,355,-1.3,0.013,0.072,0.28,0.572,0.233
1630648,Jordan Schakel,1610612764,WAS,24,6-6,78,200,San Diego State,USA,Undrafted,Undrafted,Undrafted,2,3,0,1,50,0,0,0.154,0.75,0.167
1630631,Jose Alvarado,1610612740,NOP,24,6-0,72,179,Georgia Tech,USA,Undrafted,Undrafted,Undrafted,61,550,141,186,3.7,0.022,0.087,0.191,0.525,0.199
1630528,Josh Christopher,1610612745,HOU,21,6-4,76,215,Arizona State,USA,2021,1,24,60,334,63,66,-15.6,0.021,0.071,0.216,0.527,0.153
1630581,Josh Giddey,1610612760,OKC,20,6-8,80,216,None,Australia,2021,1,6,73,1212,576,448,-2.2,0.06,0.187,0.239,0.535,0.292
1630182,Josh Green,1610612742,DAL,22,6-7,79,200,Arizona,Australia,2020,1,18,58,523,168,98,2.5,0.036,0.085,0.142,0.639,0.096
1628404,Josh Hart,1610612752,NYK,28,6-4,76,215,Villanova,USA,2017,1,30,72,717,558,274,6,0.06,0.182,0.124,0.632,0.155
1631169,Josh Minott,1610612750,MIN,20,6-8,80,205,Memphis,USA,2022,2,45,14,46,25,4,13.7,0.057,0.2,0.177,0.613,0.054
1629006,Josh Okogie,1610612756,PHX,24,6-4,76,213,Georgia Tech,Nigeria,2018,1,20,67,490,228,93,5.5,0.08,0.1,0.177,0.536,0.103
1626196,Josh Richardson,1610612740,NOP,29,6-6,78,200,Tennessee,USA,2015,2,40,61,638,168,171,-4,0.027,0.089,0.184,0.557,0.165
1630563,Joshua Primo,1610612759,SAS,20,6-6,78,189,Alabama,Canada,2021,1,12,4,28,13,18,1.7,0.019,0.113,0.173,0.467,0.237
201950,Jrue Holiday,1610612749,MIL,32,6-5,77,205,UCLA,USA,2009,1,17,64,1226,321,467,8.4,0.034,0.106,0.243,0.583,0.317
1629308,Juan Toscano-Anderson,1610612762,UTA,29,6-6,78,209,Marquette,USA,Undrafted,Undrafted,Undrafted,47,132,103,47,-11.9,0.034,0.128,0.1,0.558,0.106
1627823,Juancho Hernangomez,1610612761,TOR,27,6-9,81,214,None,Spain,2016,1,15,42,122,123,25,0.5,0.042,0.169,0.092,0.504,0.051
1630577,Julian Champagnie,1610612759,SAS,21,6-7,79,217,St. John's,USA,Undrafted,Undrafted,Undrafted,12,65,29,4,-27.1,0.029,0.133,0.148,0.547,0.034
203944,Julius Randle,1610612752,NYK,28,6-8,80,250,Kentucky,USA,2014,1,7,77,1936,767,316,2.7,0.05,0.226,0.288,0.581,0.184
1630551,Justin Champagnie,1610612761,TOR,21,6-6,78,206,Pittsburgh,USA,Undrafted,Undrafted,Undrafted,3,6,4,1,-3.7,0.1,0.429,0.13,1,0.125
203200,Justin Holiday,1610612742,DAL,33,6-6,78,180,Washington,USA,Undrafted,Undrafted,Undrafted,44,189,47,38,-9.4,0.006,0.063,0.129,0.505,0.081
1628382,Justin Jackson,1610612738,BOS,28,6-8,80,220,North Carolina,USA,2017,1,15,23,20,17,9,-28.3,0.017,0.119,0.122,0.359,0.145
1626159,Justise Winslow,1610612757,POR,27,6-6,78,222,Duke,USA,2015,1,10,29,196,145,98,-2.6,0.062,0.123,0.139,0.466,0.177
203994,Jusuf Nurkic,1610612757,POR,28,7-0,84,290,None,Bosnia and Herzegovina,2014,1,16,52,694,471,149,0.3,0.084,0.258,0.218,0.589,0.16
1629644,KZ Okpala,1610612758,SAC,23,6-8,80,215,Stanford,USA,2019,2,32,35,46,34,13,1.5,0.028,0.102,0.081,0.554,0.065
1630539,Kai Jones,1610612766,CHA,22,6-11,83,221,Texas,Bahamas,2021,1,19,42,133,112,10,-1,0.074,0.156,0.116,0.624,0.032
1626157,Karl-Anthony Towns,1610612750,MIN,27,7-0,84,248,Kentucky,USA,2015,1,1,25,520,197,122,0,0.051,0.171,0.248,0.615,0.223
202695,Kawhi Leonard,1610612746,LAC,31,6-7,79,225,San Diego State,USA,2011,1,15,49,1162,308,190,6.4,0.035,0.155,0.266,0.624,0.19
1631099,Keegan Murray,1610612758,SAC,22,6-8,80,225,Iowa,USA,2022,1,4,75,903,343,89,2.8,0.038,0.12,0.156,0.593,0.052
1628966,Keita Bates-Diop,1610612759,SAS,27,6-8,80,229,Ohio State,USA,2018,2,48,62,557,223,87,-9.4,0.043,0.128,0.16,0.602,0.093
1629640,Keldon Johnson,1610612759,SAS,23,6-5,77,220,Kentucky,USA,2019,1,29,62,1361,313,179,-11.5,0.025,0.133,0.272,0.553,0.136
203482,Kelly Olynyk,1610612762,UTA,31,6-11,83,240,Gonzaga,Canada,2013,1,13,64,778,379,228,0.7,0.042,0.157,0.174,0.636,0.167
1626162,Kelly Oubre Jr.,1610612766,CHA,27,6-6,78,203,Kansas,USA,2015,1,15,48,972,249,54,-7.7,0.038,0.121,0.257,0.534,0.057
202689,Kemba Walker,1610612742,DAL,32,6-0,72,184,Connecticut,USA,2011,1,9,9,72,16,19,-1.9,0.02,0.09,0.215,0.543,0.216
1631112,Kendall Brown,1610612754,IND,19,6-7,79,205,Baylor,USA,2022,2,48,6,9,6,3,8.2,0.051,0.089,0.093,0.571,0.091
1629134,Kendrick Nunn,1610612764,WAS,27,6-3,75,190,Oakland,USA,Undrafted,Undrafted,Undrafted,65,427,92,74,-0.5,0.014,0.085,0.221,0.521,0.125
1631113,Kennedy Chandler,1610612763,MEM,20,5-11,71,170,Tennessee,USA,2022,2,38,33,74,35,57,-8.9,0.024,0.104,0.152,0.437,0.294
1631254,Kenneth Lofton Jr.,1610612763,MEM,20,6-6,78,275,Louisiana Tech,USA,Undrafted,Undrafted,Undrafted,19,66,29,17,-15.7,0.085,0.19,0.267,0.535,0.283
1629026,Kenrich Williams,1610612760,OKC,28,6-6,78,210,TCU,USA,Undrafted,Undrafted,Undrafted,53,425,260,105,4.1,0.075,0.137,0.134,0.585,0.117
203484,Kentavious Caldwell-Pope,1610612743,DEN,30,6-5,77,204,Georgia,USA,2013,1,8,73,790,203,180,10.8,0.017,0.075,0.135,0.597,0.093
1630231,Kenyon Martin Jr.,1610612745,HOU,22,6-7,79,215,None,USA,2020,2,52,78,990,433,117,-8.4,0.052,0.146,0.161,0.637,0.079
1631165,Keon Ellis,1610612758,SAC,23,6-3,75,175,Alabama,USA,Undrafted,Undrafted,Undrafted,13,22,8,4,-13.3,0.082,0.093,0.129,0.768,0.118
1630553,Keon Johnson,1610612757,POR,21,6-3,75,185,Tennessee,USA,2021,1,21,40,189,44,59,-16.2,0.025,0.086,0.237,0.482,0.226
1630556,Kessler Edwards,1610612758,SAC,22,6-7,79,203,Pepperdine,USA,2021,2,44,31,88,45,18,3,0.057,0.092,0.126,0.535,0.071
201142,Kevin Durant,1610612756,PHX,34,6-10,82,240,Texas,USA,2007,1,2,44,1284,296,224,6.6,0.012,0.167,0.306,0.678,0.234
1628989,Kevin Huerter,1610612758,SAC,24,6-7,79,198,Maryland,USA,2018,1,19,71,1090,237,208,5.1,0.02,0.099,0.196,0.625,0.136
1628995,Kevin Knox II,1610612757,POR,23,6-7,79,215,Kentucky,USA,2018,1,9,58,323,153,27,-10.2,0.035,0.154,0.164,0.579,0.052
201567,Kevin Love,1610612748,MIA,34,6-8,80,251,UCLA,USA,2008,1,5,59,487,384,110,2.8,0.05,0.287,0.184,0.548,0.129
1629645,Kevin Porter Jr.,1610612745,HOU,22,6-4,76,203,Southern California,USA,2019,1,30,56,1064,305,322,-9,0.037,0.12,0.241,0.561,0.263
1630284,Kevon Harris,1610612753,ORL,25,6-6,78,216,Stephen F. Austin,USA,Undrafted,Undrafted,Undrafted,31,101,59,13,2.3,0.061,0.087,0.117,0.532,0.046
1626172,Kevon Looney,1610612744,GSW,27,6-9,81,222,UCLA,USA,2015,1,30,78,558,711,193,3,0.132,0.233,0.106,0.642,0.135
203920,Khem Birch,1610612759,SAS,30,6-8,80,233,UNLV,Canada,Undrafted,Undrafted,Undrafted,20,43,25,7,2.8,0.051,0.118,0.113,0.629,0.063
203114,Khris Middleton,1610612749,MIL,31,6-7,79,222,Texas A&M,USA,2012,2,39,31,478,136,154,5.5,0.035,0.123,0.26,0.553,0.287
1630165,Killian Hayes,1610612765,DET,21,6-5,77,195,None,France,2020,1,7,71,701,202,436,-11.1,0.012,0.093,0.201,0.444,0.328
1630184,Kira Lewis Jr.,1610612740,NOP,21,6-1,73,170,Alabama,USA,2020,1,13,24,112,33,23,10.9,0.022,0.11,0.193,0.579,0.139
202691,Klay Thompson,1610612744,GSW,33,6-6,78,220,Washington State,USA,2011,1,11,66,1435,274,156,1.9,0.017,0.102,0.255,0.575,0.104
1628424,Kobi Simmons,1610612766,CHA,25,6-5,77,180,Arizona,USA,Undrafted,Undrafted,Undrafted,1,0,0,1,17.8,0,0,0.111,0,0.5
1627739,Kris Dunn,1610612762,UTA,29,6-3,75,205,Providence,USA,2016,1,5,17,200,70,87,-7.6,0.018,0.145,0.2,0.569,0.327
204001,Kristaps Porzingis,1610612764,WAS,27,7-3,87,240,None,Latvia,2015,1,4,65,1505,546,174,1.4,0.057,0.194,0.272,0.627,0.125
203937,Kyle Anderson,1610612750,MIN,29,6-9,81,230,UCLA,USA,2014,1,30,65,611,348,310,2,0.036,0.154,0.144,0.584,0.222
1628398,Kyle Kuzma,1610612764,WAS,27,6-9,81,221,Utah,USA,2017,1,27,64,1357,463,239,0.3,0.025,0.172,0.273,0.544,0.164
200768,Kyle Lowry,1610612748,MIA,37,6-0,72,196,Villanova,USA,2006,1,24,52,593,217,266,0.2,0.025,0.112,0.163,0.558,0.229
202681,Kyrie Irving,1610612742,DAL,31,6-2,74,195,Duke,Australia,2011,1,1,58,1551,295,319,4.9,0.029,0.108,0.285,0.611,0.233
1630163,LaMelo Ball,1610612766,CHA,21,6-7,79,180,None,USA,2020,1,3,36,838,231,304,-4.7,0.031,0.147,0.289,0.541,0.352
1630205,Lamar Stevens,1610612739,CLE,25,6-6,78,230,Penn State,USA,Undrafted,Undrafted,Undrafted,58,306,194,31,1.3,0.046,0.144,0.134,0.529,0.04
1629013,Landry Shamet,1610612756,PHX,26,6-4,76,190,Wichita State,USA,2018,1,26,35,316,57,77,0.8,0.012,0.067,0.185,0.545,0.154
1626204,Larry Nance Jr.,1610612740,NOP,30,6-8,80,245,Wyoming,USA,2015,1,27,61,420,337,111,8.5,0.083,0.186,0.12,0.644,0.116
1628374,Lauri Markkanen,1610612762,UTA,25,7-0,84,240,Arizona,Finland,2017,1,7,65,1668,561,121,3.6,0.055,0.183,0.259,0.644,0.086
2544,LeBron James,1610612747,LAL,38,6-9,81,250,None,USA,2003,1,1,50,1450,422,339,4.1,0.035,0.192,0.321,0.581,0.306
1630195,Leandro Bolmaro,1610612762,UTA,22,6-6,78,200,None,Argentina,2020,1,23,14,6,7,7,0.7,0.051,0.04,0.155,0.15,0.121
1631311,Lester Quinones,1610612744,GSW,22,6-4,76,208,Memphis,USA,Undrafted,Undrafted,Undrafted,1,0,1,0,-33.3,0,0.5,0.667,0,0
1629623,Lindell Wigginton,1610612749,MIL,25,6-1,73,189,Iowa State,Canada,2019,NA,NA,5,8,1,2,-5,0,0.037,0.279,0.405,0.154
1630322,Lindy Waters III,1610612760,OKC,25,6-6,78,210,Oklahoma State,USA,Undrafted,Undrafted,Undrafted,38,197,65,27,9.1,0.023,0.1,0.147,0.58,0.073
1629022,Lonnie Walker IV,1610612747,LAL,24,6-4,76,204,Miami,USA,2018,1,18,54,646,107,63,-7.4,0.011,0.069,0.199,0.567,0.07
1629652,Luguentz Dort,1610612760,OKC,23,6-4,76,220,Arizona State,Canada,Undrafted,Undrafted,Undrafted,71,977,325,150,1.3,0.05,0.093,0.193,0.518,0.091
1629029,Luka Doncic,1610612742,DAL,24,6-7,79,230,None,Slovenia,2018,1,3,63,2074,547,513,1.8,0.024,0.226,0.371,0.612,0.417
1630568,Luka Garza,1610612750,MIN,24,6-10,82,243,Iowa,USA,2021,2,52,26,177,60,18,3.7,0.129,0.128,0.245,0.661,0.105
1629677,Luka Samanic,1610612762,UTA,23,6-10,82,227,None,Croatia,2019,1,19,2,13,11,4,13.1,0,0.256,0.205,0.472,0.111
1628379,Luke Kennard,1610612763,MEM,26,6-5,77,206,Duke,USA,2017,1,12,56,501,146,82,6.4,0.011,0.105,0.145,0.675,0.089
1628436,Luke Kornet,1610612738,BOS,27,7-2,86,250,Vanderbilt,USA,Undrafted,Undrafted,Undrafted,65,245,182,45,5.1,0.109,0.124,0.109,0.724,0.084
1630201,Malachi Flynn,1610612761,TOR,24,6-1,73,175,San Diego State,USA,2020,1,29,49,222,71,65,-5.8,0.021,0.096,0.166,0.473,0.146
1631103,Malaki Branham,1610612759,SAS,19,6-4,76,180,Ohio State,USA,2022,1,20,61,598,166,119,-11.5,0.018,0.097,0.184,0.523,0.115
1627763,Malcolm Brogdon,1610612738,BOS,30,6-4,76,229,Virginia,USA,2016,2,36,65,953,271,242,5,0.023,0.134,0.22,0.616,0.224
1630792,Malcolm Hill,1610612741,CHI,27,6-6,78,220,Illinois,USA,Undrafted,Undrafted,Undrafted,5,5,3,0,39.1,0,0.214,0.167,0.625,0
1627736,Malik Beasley,1610612747,LAL,26,6-4,76,187,Florida State,USA,2016,1,19,76,968,271,118,-2.2,0.016,0.118,0.208,0.528,0.087
1628370,Malik Monk,1610612758,SAC,25,6-3,75,200,Kentucky,USA,2017,1,11,74,1007,196,288,0.7,0.02,0.097,0.247,0.588,0.26
1629603,Mamadi Diakite,1610612739,CLE,26,6-9,81,228,Virginia,Guinea,Undrafted,Undrafted,Undrafted,20,35,20,4,-1.4,0.05,0.111,0.155,0.473,0.045
1630699,MarJon Beauchamp,1610612749,MIL,22,6-7,79,199,None,USA,2022,1,24,47,238,101,27,-5.7,0.052,0.099,0.178,0.514,0.065
202694,Marcus Morris Sr.,1610612746,LAC,33,6-8,80,218,Kansas,USA,2011,1,14,65,728,258,114,-0.3,0.017,0.127,0.176,0.534,0.09
203935,Marcus Smart,1610612738,BOS,29,6-4,76,220,Oklahoma State,USA,2014,1,6,60,686,187,378,6.5,0.023,0.073,0.174,0.538,0.256
1631109,Mark Williams,1610612766,CHA,21,7-0,84,240,Duke,USA,2022,1,15,40,338,269,18,-3.9,0.105,0.227,0.166,0.656,0.036
1628365,Markelle Fultz,1610612753,ORL,24,6-4,76,209,Washington,USA,2017,1,1,56,789,228,320,-3.9,0.04,0.097,0.207,0.561,0.286
202693,Markieff Morris,1610612742,DAL,33,6-9,81,245,Kansas,USA,2011,1,13,33,109,62,28,4.2,0.043,0.14,0.148,0.565,0.114
1630250,Marko Simonovic,1610612741,CHI,23,7-0,84,220,None,Montenegro,2020,2,44,4,0,1,0,-23.6,0.091,0,0.08,0,0
1628963,Marvin Bagley III,1610612765,DET,24,6-10,82,235,Duke,USA,2018,1,2,39,476,256,35,-11.1,0.095,0.177,0.199,0.594,0.06
203486,Mason Plumlee,1610612746,LAC,33,7-0,84,254,Duke,USA,2013,1,22,76,833,689,240,-6.4,0.106,0.241,0.15,0.686,0.168
1629680,Matisse Thybulle,1610612757,POR,26,6-5,77,201,Washington,USA,2019,1,20,70,291,136,53,-0.3,0.032,0.084,0.102,0.561,0.061
1630346,Matt Ryan,1610612750,MIN,25,6-6,78,215,Tennessee-Chattanooga,USA,Undrafted,Undrafted,Undrafted,33,122,26,15,3.2,0.013,0.067,0.158,0.543,0.064
203521,Matthew Dellavedova,1610612758,SAC,32,6-3,75,200,St. Mary's,Australia,Undrafted,Undrafted,Undrafted,32,47,13,41,-8.8,0.005,0.054,0.122,0.443,0.279
1631108,Max Christie,1610612747,LAL,20,6-5,77,190,Michigan State,USA,2022,2,35,38,128,74,19,-7.3,0.012,0.125,0.1,0.571,0.05
1629622,Max Strus,1610612748,MIA,27,6-5,77,215,DePaul,USA,Undrafted,Undrafted,Undrafted,76,889,250,161,-3.6,0.022,0.097,0.17,0.558,0.113
1628467,Maxi Kleber,1610612742,DAL,31,6-10,82,240,None,Germany,Undrafted,Undrafted,Undrafted,35,215,132,48,-1.8,0.033,0.117,0.099,0.603,0.074
1630593,McKinley Wright IV,1610612742,DAL,24,5-11,71,192,Colorado,USA,Undrafted,Undrafted,Undrafted,25,88,40,51,-12.3,0.028,0.109,0.152,0.543,0.282
203086,Meyers Leonard,1610612749,MIL,31,7-0,84,260,Illinois,USA,2012,1,11,6,24,13,0,-4.5,0.041,0.193,0.146,0.761,0
1629662,Mfiondu Kabengele,1610612738,BOS,25,6-10,82,250,Florida State,Canada,2019,1,27,2,2,5,0,-4.2,0.214,0.167,0.097,0.5,0
1630695,Micah Potter,1610612762,UTA,24,6-8,80,248,Wisconsin,USA,Undrafted,Undrafted,Undrafted,5,14,3,3,4.8,0.031,0.067,0.122,0.875,0.176
1630701,Michael Foster Jr.,1610612755,PHI,20,6-8,80,250,None,USA,Undrafted,Undrafted,Undrafted,1,0,0,0,-100,0,0,0,0,0
1629008,Michael Porter Jr.,1610612743,DEN,24,6-10,82,218,Missouri,USA,2018,1,14,59,1013,319,62,11.7,0.037,0.151,0.218,0.621,0.048
1628969,Mikal Bridges,1610612751,BKN,26,6-6,78,209,Villanova,USA,2018,1,10,78,1569,344,261,0.2,0.027,0.093,0.217,0.599,0.141
201144,Mike Conley,1610612750,MIN,35,6-1,73,175,Ohio State,USA,2007,1,4,63,732,174,431,0.9,0.016,0.076,0.16,0.573,0.302
203488,Mike Muscala,1610612738,BOS,31,6-11,83,240,Bucknell,USA,2013,2,44,59,333,178,45,8.7,0.035,0.162,0.145,0.59,0.068
1630540,Miles McBride,1610612752,NYK,22,6-2,74,195,West Virginia,USA,2021,2,36,60,205,49,69,7.6,0.017,0.048,0.138,0.484,0.134
1629011,Mitchell Robinson,1610612752,NYK,25,7-0,84,240,Western Kentucky,USA,2018,2,36,56,404,508,46,5.7,0.158,0.174,0.097,0.671,0.041
1628964,Mo Bamba,1610612747,LAL,24,7-0,84,231,Texas,USA,2018,1,6,47,321,221,46,1.6,0.074,0.198,0.166,0.605,0.087
1628420,Monte Morris,1610612764,WAS,27,6-2,74,183,Iowa State,USA,2017,2,51,62,636,210,326,0.1,0.016,0.106,0.155,0.579,0.249
1626149,Montrezl Harrell,1610612755,PHI,29,6-7,79,240,Louisville,USA,2015,2,32,53,286,143,31,1.1,0.099,0.126,0.172,0.629,0.073
1629021,Moritz Wagner,1610612753,ORL,25,6-11,83,245,Michigan,Germany,2018,1,25,54,580,251,81,-1.6,0.062,0.173,0.202,0.633,0.116
1629650,Moses Brown,1610612751,BKN,23,7-2,86,245,UCLA,USA,Undrafted,Undrafted,Undrafted,36,155,139,4,3.5,0.165,0.262,0.188,0.607,0.021
1630541,Moses Moody,1610612744,GSW,20,6-5,77,211,Arkansas,USA,2021,1,14,60,262,95,46,-2.3,0.034,0.089,0.139,0.58,0.084
1631217,Moussa Diabate,1610612746,LAC,21,6-10,82,210,Michigan,France,2022,2,43,21,57,49,4,-2.7,0.137,0.102,0.124,0.537,0.029
1626167,Myles Turner,1610612754,IND,27,6-11,83,250,Texas,USA,2015,1,11,62,1113,466,89,-1.2,0.049,0.205,0.225,0.651,0.074
1630230,Naji Marshall,1610612740,NOP,25,6-7,79,220,Xavier,USA,Undrafted,Undrafted,Undrafted,73,681,272,183,0.8,0.027,0.133,0.171,0.542,0.145
1629642,Nassir Little,1610612757,POR,23,6-5,77,220,North Carolina,USA,2019,1,25,54,359,141,50,-8.8,0.028,0.122,0.158,0.555,0.075
1630233,Nathan Knight,1610612750,MIN,25,6-8,80,253,William & Mary,USA,Undrafted,Undrafted,Undrafted,36,134,54,13,-1.4,0.071,0.117,0.173,0.656,0.066
1629675,Naz Reid,1610612750,MIN,23,6-9,81,264,Louisiana State,USA,Undrafted,Undrafted,Undrafted,68,781,333,77,-4.2,0.058,0.205,0.242,0.617,0.098
1629674,Neemias Queta,1610612758,SAC,23,7-0,84,248,Utah State,Portugal,2021,2,39,4,12,9,1,-49.6,0.125,0.2,0.149,0.676,0.083
203457,Nerlens Noel,1610612751,BKN,28,6-10,82,220,Kentucky,USA,2013,1,6,17,35,46,10,-16.8,0.047,0.189,0.113,0.424,0.074
1629651,Nic Claxton,1610612751,BKN,23,6-11,83,215,Georgia,USA,2019,2,31,72,908,664,136,3.5,0.088,0.215,0.156,0.688,0.091
1630208,Nick Richards,1610612766,CHA,25,7-0,84,245,Kentucky,Jamaica,2020,2,42,62,497,390,35,-5.1,0.114,0.204,0.15,0.669,0.045
1629638,Nickeil Alexander-Walker,1610612750,MIN,24,6-5,77,205,Virginia Tech,Canada,2019,1,17,55,335,97,102,-3.7,0.016,0.097,0.177,0.558,0.171
201587,Nicolas Batum,1610612746,LAC,34,6-8,80,230,None,France,2008,1,25,75,464,289,116,4.3,0.037,0.137,0.112,0.599,0.096
203999,Nikola Jokic,1610612743,DEN,28,6-11,83,284,None,Serbia,2014,2,41,67,1670,797,664,13.3,0.081,0.283,0.263,0.704,0.412
1631107,Nikola Jovic,1610612748,MIA,19,6-10,82,205,None,Serbia,2022,1,27,15,82,31,10,-3.5,0.043,0.119,0.185,0.53,0.076
202696,Nikola Vucevic,1610612741,CHI,32,6-10,82,260,Southern California,Montenegro,2011,1,16,77,1366,855,252,-0.3,0.064,0.273,0.217,0.596,0.146
203943,Noah Vonleh,1610612738,BOS,27,6-10,82,257,Indiana,USA,2014,1,9,23,25,48,7,-1.4,0.11,0.174,0.09,0.502,0.051
1626181,Norman Powell,1610612746,LAC,29,6-4,76,215,UCLA,USA,2015,2,46,57,940,165,101,-4.5,0.015,0.093,0.249,0.612,0.114
1628384,O.G. Anunoby,1610612761,TOR,25,6-7,79,232,Indiana,United Kingdom,2017,1,23,63,1065,317,122,2.9,0.038,0.111,0.192,0.589,0.079
1630167,Obi Toppin,1610612752,NYK,25,6-9,81,220,Dayton,USA,2020,1,8,63,400,172,50,1,0.028,0.144,0.183,0.54,0.081
1630534,Ochai Agbaji,1610612762,UTA,22,6-5,77,215,Kansas,USA,2022,1,14,54,377,110,52,0.6,0.036,0.061,0.139,0.579,0.063
1630846,Olivier Sarr,1610612760,OKC,24,6-11,83,240,Kentucky,France,Undrafted,Undrafted,Undrafted,6,14,14,3,0.8,0.099,0.079,0.099,0.489,0.058
1630209,Omer Yurtseven,1610612748,MIA,24,6-11,83,275,Georgetown,Turkey,Undrafted,Undrafted,Undrafted,6,12,9,0,-28.4,0.083,0.172,0.118,0.581,0
1630168,Onyeka Okongwu,1610612737,ATL,22,6-9,81,240,Southern California,USA,2020,1,6,75,740,542,75,1.8,0.118,0.188,0.148,0.684,0.059
1631115,Orlando Robinson,1610612748,MIA,22,6-10,82,235,Fresno State,USA,Undrafted,Undrafted,Undrafted,29,113,118,21,0.9,0.105,0.207,0.12,0.572,0.08
1629052,Oshae Brissett,1610612754,IND,24,6-7,79,210,Syracuse,Canada,Undrafted,Undrafted,Undrafted,61,371,206,39,-0.8,0.056,0.146,0.151,0.527,0.053
203490,Otto Porter Jr.,1610612761,TOR,29,6-8,80,198,Georgetown,USA,2013,1,3,8,44,19,8,-5,0.038,0.096,0.104,0.656,0.078
1631172,Ousmane Dieng,1610612760,OKC,19,6-9,81,185,None,France,2022,1,11,35,168,96,35,2.5,0.03,0.144,0.149,0.499,0.091
200782,P.J. Tucker,1610612755,PHI,37,6-5,77,245,Texas,USA,2006,2,35,72,248,288,57,4.1,0.055,0.11,0.064,0.556,0.04
1629023,P.J. Washington,1610612766,CHA,24,6-7,79,230,Kentucky,USA,2019,1,12,73,1144,358,175,-7.2,0.028,0.118,0.2,0.542,0.107
1628408,PJ Dozier,1610612758,SAC,26,6-6,78,205,South Carolina,USA,Undrafted,Undrafted,Undrafted,12,9,7,1,-8.6,0,0.206,0.208,0.321,0.043
1631094,Paolo Banchero,1610612753,ORL,20,6-10,82,250,Duke,USA,2022,1,1,70,1403,478,262,-4.4,0.034,0.172,0.272,0.53,0.172
1627783,Pascal Siakam,1610612761,TOR,28,6-8,80,230,New Mexico State,Cameroon,2016,1,27,67,1615,521,398,2.4,0.046,0.174,0.271,0.56,0.247
1626192,Pat Connaughton,1610612749,MIL,30,6-5,77,209,Notre Dame,USA,2015,2,41,59,466,282,77,3.6,0.033,0.144,0.134,0.532,0.069
1631116,Patrick Baldwin Jr.,1610612744,GSW,20,6-9,81,220,Wisconsin-Milwaukee,USA,2022,1,28,28,114,36,9,-13.8,0.005,0.184,0.228,0.55,0.074
201976,Patrick Beverley,1610612741,CHI,34,6-2,74,180,Arkansas,USA,2009,2,42,63,392,236,180,-0.9,0.026,0.112,0.108,0.535,0.135
1630172,Patrick Williams,1610612741,CHI,21,6-7,79,215,Florida State,USA,2020,1,4,77,775,306,94,-2.6,0.035,0.107,0.154,0.577,0.058
201988,Patty Mills,1610612751,BKN,34,6-0,72,180,St. Mary's,Australia,2009,2,55,39,234,42,54,-3.8,0.014,0.063,0.18,0.562,0.138
202331,Paul George,1610612746,LAC,32,6-8,80,220,Fresno State,USA,2010,1,10,56,1332,342,288,4,0.025,0.153,0.294,0.588,0.237
1630194,Paul Reed,1610612755,PHI,23,6-9,81,210,DePaul,USA,2020,2,58,64,248,230,24,-1.1,0.146,0.206,0.15,0.62,0.052
1630202,Payton Pritchard,1610612738,BOS,25,6-1,73,195,Oregon,USA,2020,1,26,46,218,70,48,-0.5,0.037,0.081,0.185,0.503,0.129
1631212,Peyton Watson,1610612743,DEN,20,6-7,79,200,UCLA,USA,2022,1,30,18,35,17,3,-17.5,0.037,0.169,0.185,0.586,0.063
1630173,Precious Achiuwa,1610612761,TOR,23,6-8,80,225,Memphis,Nigeria,2020,1,20,50,442,292,48,-2.4,0.083,0.207,0.186,0.54,0.065
1629656,Quentin Grimes,1610612752,NYK,22,6-5,77,210,Houston,USA,2021,1,25,67,700,218,135,3.7,0.023,0.087,0.138,0.606,0.093
1631245,Quenton Jackson,1610612764,WAS,24,6-5,77,173,Texas A&M,USA,Undrafted,Undrafted,Undrafted,4,7,1,1,48,0.1,0,0.207,0.583,0.125
1630181,R.J. Hampton,1610612765,DET,22,6-4,76,175,None,USA,2020,1,24,42,259,71,50,-7.1,0.024,0.084,0.176,0.556,0.118
1629628,RJ Barrett,1610612752,NYK,22,6-6,78,214,Duke,Canada,2019,1,3,71,1385,359,192,-1.1,0.023,0.121,0.256,0.532,0.122
203526,Raul Neto,1610612739,CLE,30,6-2,74,180,None,Brazil,2013,2,47,46,136,43,65,2.4,0.019,0.075,0.122,0.636,0.205
203493,Reggie Bullock,1610612742,DAL,32,6-6,78,205,North Carolina,USA,2013,1,25,75,544,275,102,-1.4,0.014,0.111,0.098,0.576,0.061
202704,Reggie Jackson,1610612743,DEN,32,6-2,74,208,Boston College,USA,2011,1,24,63,640,132,217,-2.9,0.016,0.068,0.204,0.509,0.21
1626158,Richaun Holmes,1610612758,SAC,29,6-8,80,235,Bowling Green,USA,2015,2,37,39,119,74,6,-7.9,0.081,0.15,0.125,0.705,0.029
201937,Ricky Rubio,1610612739,CLE,32,6-2,74,190,None,Spain,2009,1,5,29,157,61,96,2.9,0.014,0.114,0.171,0.469,0.282
203496,Robert Covington,1610612746,LAC,32,6-7,79,209,Tennessee State,USA,Undrafted,Undrafted,Undrafted,46,280,157,55,-2,0.036,0.162,0.151,0.577,0.106
1629057,Robert Williams III,1610612738,BOS,25,6-9,81,237,Texas A&M,USA,2018,1,27,33,264,275,46,10.9,0.126,0.211,0.114,0.743,0.085
201577,Robin Lopez,1610612739,CLE,35,7-0,84,281,Stanford,USA,2008,1,15,35,94,46,14,-7.8,0.081,0.098,0.149,0.691,0.086
203585,Rodney McGruder,1610612765,DET,31,6-4,76,205,Kansas State,USA,Undrafted,Undrafted,Undrafted,32,183,74,28,-3.5,0.035,0.109,0.135,0.566,0.071
1629641,Romeo Langford,1610612759,SAS,23,6-5,77,216,Indiana,USA,2019,1,14,39,283,110,47,-8.9,0.062,0.071,0.15,0.531,0.081
1631199,Ron Harper Jr.,1610612761,TOR,22,6-5,77,245,Rutgers,USA,Undrafted,Undrafted,Undrafted,5,10,2,0,12.4,0.05,0.067,0.205,0.625,0
1626220,Royce O'Neale,1610612751,BKN,29,6-6,78,226,Baylor,USA,Undrafted,Undrafted,Undrafted,72,639,363,265,1.5,0.026,0.128,0.136,0.543,0.152
200752,Rudy Gay,1610612762,UTA,36,6-8,80,250,Connecticut,USA,2006,1,8,56,293,163,57,2.9,0.038,0.148,0.174,0.473,0.095
203497,Rudy Gobert,1610612750,MIN,30,7-1,85,258,None,France,2013,1,27,66,905,771,77,0.8,0.112,0.258,0.163,0.677,0.054
1629060,Rui Hachimura,1610612747,LAL,25,6-8,80,230,Gonzaga,Japan,2019,1,9,58,643,252,52,-2,0.033,0.137,0.192,0.554,0.059
201566,Russell Westbrook,1610612746,LAC,34,6-3,75,200,UCLA,USA,2008,1,4,70,1100,407,531,-0.5,0.039,0.151,0.266,0.51,0.366
1627853,Ryan Arcidiacono,1610612757,POR,29,6-3,75,195,Villanova,USA,Undrafted,Undrafted,Undrafted,20,26,15,23,-12.8,0,0.09,0.106,0.351,0.195
1631157,Ryan Rollins,1610612744,GSW,20,6-3,75,180,Toledo,USA,2022,2,44,12,23,12,6,-38.1,0.043,0.153,0.26,0.508,0.214
1630240,Saben Lee,1610612756,PHX,23,6-2,74,183,Vanderbilt,USA,2020,2,38,22,117,37,55,-1.4,0.033,0.082,0.175,0.538,0.285
1630180,Saddiq Bey,1610612737,ATL,23,6-7,79,215,Villanova,USA,2020,1,19,72,997,339,107,-4.3,0.042,0.13,0.196,0.562,0.078
1630573,Sam Hauser,1610612738,BOS,25,6-7,79,217,Virginia,USA,Undrafted,Undrafted,Undrafted,76,457,188,59,7.4,0.028,0.122,0.138,0.63,0.069
1630241,Sam Merrill,1610612739,CLE,26,6-4,76,205,Utah State,USA,2020,2,60,3,2,1,1,-39.5,0,0.125,0.182,0.25,0.2
1630572,Sandro Mamukelashvili,1610612759,SAS,23,6-10,82,240,Seton Hall,Georgia,2021,2,54,38,201,148,50,-13.1,0.09,0.181,0.17,0.503,0.138
1630583,Santi Aldama,1610612763,MEM,22,7-0,84,215,Loyola-Maryland,Spain,2021,1,30,74,683,356,91,2.9,0.047,0.159,0.157,0.595,0.074
1630567,Scottie Barnes,1610612761,TOR,21,6-8,80,225,Florida State,USA,2021,1,4,72,1133,494,352,3.3,0.066,0.137,0.201,0.529,0.197
1630590,Scotty Pippen Jr.,1610612747,LAL,22,6-1,73,170,Vanderbilt,USA,Undrafted,Undrafted,Undrafted,6,14,4,2,-1.5,0.05,0.057,0.231,0.439,0.125
201586,Serge Ibaka,1610612749,MIL,33,6-11,83,235,None,Democratic Republic of the Congo,2008,1,24,16,66,44,4,-6.5,0.073,0.153,0.159,0.553,0.036
203552,Seth Curry,1610612751,BKN,32,6-1,73,185,Duke,USA,Undrafted,Undrafted,Undrafted,57,540,96,97,-3.2,0.012,0.07,0.188,0.593,0.122
1631101,Shaedon Sharpe,1610612757,POR,19,6-5,77,200,Kentucky,Canada,2022,1,7,76,698,211,74,-6.4,0.036,0.097,0.177,0.571,0.067
1628983,Shai Gilgeous-Alexander,1610612760,OKC,24,6-6,78,195,Kentucky,Canada,2018,1,11,65,2042,314,352,3,0.023,0.108,0.32,0.625,0.247
1629003,Shake Milton,1610612755,PHI,26,6-5,77,205,Southern Methodist,USA,2018,2,54,72,589,181,206,3.7,0.026,0.097,0.172,0.581,0.199
1627885,Shaquille Harrison,1610612757,POR,29,6-4,76,195,Tulsa,USA,Undrafted,Undrafted,Undrafted,1,6,5,4,-14.7,0,0.263,0.069,0.75,0.19
1631323,Simone Fontecchio,1610612762,UTA,27,6-7,79,209,None,Italy,Undrafted,Undrafted,Undrafted,47,274,67,36,-13.1,0.036,0.062,0.187,0.497,0.079
1630219,Skylar Mays,1610612757,POR,25,6-4,76,205,Louisiana State,USA,2020,2,50,1,14,2,6,-24.8,0.033,0.05,0.139,0.829,0.333
203915,Spencer Dinwiddie,1610612751,BKN,29,6-5,77,215,Colorado,USA,2014,2,38,75,1310,253,467,-0.6,0.011,0.091,0.22,0.579,0.285
1626169,Stanley Johnson,1610612759,SAS,26,6-6,78,242,Arizona,USA,2015,1,8,30,174,95,67,-7,0.047,0.15,0.148,0.625,0.179
1630649,Stanley Umude,1610612765,DET,23,6-6,78,210,Arkansas,USA,Undrafted,Undrafted,Undrafted,1,2,0,0,95,0,0,0.5,0.532,0
201939,Stephen Curry,1610612744,GSW,35,6-2,74,185,Davidson,USA,2009,1,7,52,1542,321,329,4.5,0.02,0.149,0.297,0.661,0.278
1628425,Sterling Brown,1610612747,LAL,28,6-5,77,219,Southern Methodist,USA,2017,2,46,4,0,8,2,0.4,0.091,0.152,0.061,0,0.077
203500,Steven Adams,1610612763,MEM,29,6-11,83,265,Pittsburgh,New Zealand,2013,1,12,42,361,485,97,9.7,0.171,0.222,0.139,0.564,0.107
1629004,Svi Mykhailiuk,1610612766,CHA,25,6-7,79,205,Kansas,Ukraine,2018,2,47,28,138,32,30,1.5,0.021,0.072,0.158,0.594,0.126
204456,T.J. McConnell,1610612754,IND,31,6-1,73,190,Arizona,USA,2015,0,NA,73,616,227,380,-3.1,0.028,0.123,0.18,0.581,0.384
203933,T.J. Warren,1610612756,PHX,29,6-8,80,220,North Carolina State,USA,2014,1,14,40,308,117,38,4.8,0.04,0.132,0.188,0.551,0.079
201959,Taj Gibson,1610612764,WAS,37,6-9,81,232,Southern California,USA,2009,1,26,48,154,91,33,-0.5,0.071,0.141,0.146,0.572,0.095
1629659,Talen Horton-Tucker,1610612762,UTA,22,6-4,76,234,Iowa State,USA,2019,2,46,63,643,202,231,-0.2,0.029,0.119,0.245,0.508,0.27
1631106,Tari Eason,1610612745,HOU,21,6-8,80,215,Louisiana State,USA,2022,1,17,78,717,466,79,-5,0.102,0.172,0.184,0.528,0.072
1627752,Taurean Prince,1610612750,MIN,29,6-6,78,218,Baylor,USA,2016,1,12,50,447,120,82,-0.5,0.012,0.097,0.164,0.605,0.101
1629611,Terance Mann,1610612746,LAC,26,6-5,77,215,Florida State,USA,2019,2,48,78,693,271,180,-0.4,0.042,0.108,0.15,0.619,0.142
1629056,Terence Davis,1610612758,SAC,25,6-4,76,201,Mississippi,USA,Undrafted,Undrafted,Undrafted,60,398,134,62,5.6,0.025,0.149,0.209,0.582,0.109
203082,Terrence Ross,1610612756,PHX,32,6-7,79,206,Washington,USA,2012,1,8,58,491,136,81,-2.4,0.014,0.095,0.167,0.553,0.093
1626179,Terry Rozier,1610612766,CHA,29,6-1,73,190,Louisville,USA,2015,1,16,63,1329,259,319,-6.2,0.021,0.095,0.262,0.517,0.22
1630678,Terry Taylor,1610612741,CHI,23,6-4,76,230,Austin Peay,USA,Undrafted,Undrafted,Undrafted,29,76,40,10,-1,0.083,0.075,0.128,0.535,0.058
201152,Thaddeus Young,1610612761,TOR,34,6-8,80,235,Georgia Tech,USA,2007,1,12,54,240,166,75,-5.6,0.083,0.136,0.131,0.573,0.133
203648,Thanasis Antetokounmpo,1610612749,MIL,30,6-7,79,219,None,Greece,2014,2,51,33,25,31,8,-25,0.075,0.146,0.131,0.387,0.089
1630177,Theo Maledon,1610612766,CHA,21,6-5,77,175,None,France,2020,2,34,40,234,100,113,-10.4,0.015,0.13,0.157,0.521,0.222
1629033,Theo Pinson,1610612742,DAL,27,6-7,79,212,North Carolina,USA,Undrafted,Undrafted,Undrafted,38,64,43,31,-8.1,0.031,0.141,0.127,0.486,0.176
1628418,Thomas Bryant,1610612743,DEN,25,6-10,82,248,Indiana,USA,2017,2,42,58,567,331,31,-5.3,0.081,0.221,0.181,0.681,0.043
203501,Tim Hardaway Jr.,1610612742,DAL,31,6-5,77,205,Michigan,USA,2013,1,24,69,989,246,125,3.6,0.01,0.109,0.201,0.552,0.088
202699,Tobias Harris,1610612755,PHI,30,6-7,79,226,Tennessee,USA,2011,1,19,71,1063,410,179,5.8,0.03,0.15,0.181,0.605,0.114
1628396,Tony Bradley,1610612741,CHI,25,6-11,83,248,North Carolina,USA,2017,1,28,12,19,11,1,9.9,0.029,0.278,0.174,0.69,0.042
1628470,Torrey Craig,1610612756,PHX,32,6-7,79,221,South Carolina Upstate,USA,Undrafted,Undrafted,Undrafted,74,533,404,110,-4.7,0.072,0.146,0.127,0.551,0.079
1629027,Trae Young,1610612737,ATL,24,6-1,73,164,Oklahoma,USA,2018,1,5,70,1838,209,693,0.9,0.022,0.062,0.316,0.572,0.41
1630200,Tre Jones,1610612759,SAS,23,6-1,73,185,Duke,USA,2020,2,41,63,786,215,398,-8.9,0.025,0.095,0.189,0.521,0.296
1630544,Tre Mann,1610612760,OKC,22,6-3,75,178,Florida,USA,2021,1,18,64,491,143,108,0.5,0.021,0.1,0.2,0.486,0.135
1630570,Trendon Watford,1610612757,POR,22,6-8,80,237,Louisiana State,USA,Undrafted,Undrafted,Undrafted,58,393,223,118,-6.9,0.039,0.174,0.15,0.617,0.159
1630235,Trent Forrest,1610612737,ATL,24,6-4,76,210,Florida State,USA,Undrafted,Undrafted,Undrafted,20,50,31,31,-10.7,0.02,0.109,0.109,0.478,0.172
1630243,Trevelin Queen,1610612754,IND,26,6-6,78,190,New Mexico State,USA,Undrafted,Undrafted,Undrafted,7,21,17,6,9.2,0.086,0.138,0.194,0.337,0.109
1631309,Trevor Hudgins,1610612745,HOU,24,6-0,72,180,Northwest Missouri State,USA,Undrafted,Undrafted,Undrafted,5,9,0,3,7,0,0,0.177,0.436,0.176
1631211,Trevor Keels,1610612752,NYK,19,6-4,76,221,Duke,USA,2022,2,42,3,3,2,0,-94.7,0,0.25,0.211,0.375,0
1626168,Trey Lyles,1610612758,SAC,27,6-9,81,234,Kentucky,Canada,2015,1,12,69,534,279,63,4.4,0.055,0.184,0.176,0.617,0.075
1630530,Trey Murphy III,1610612740,NOP,22,6-8,80,206,Virginia,USA,2021,1,17,75,1050,270,104,0.4,0.026,0.095,0.157,0.647,0.063
1628972,Troy Brown Jr.,1610612747,LAL,23,6-7,79,215,Oregon,USA,2018,1,15,71,511,289,86,-0.6,0.033,0.122,0.121,0.558,0.065
1629660,Ty Jerome,1610612744,GSW,25,6-5,77,195,Virginia,USA,2019,1,24,44,309,78,135,-5.4,0.009,0.091,0.147,0.594,0.233
1631102,TyTy Washington Jr.,1610612745,HOU,21,6-3,75,195,Kentucky,USA,2022,1,29,30,137,42,47,-6.7,0.004,0.097,0.173,0.423,0.159
1628416,Tyler Dorsey,1610612742,DAL,27,6-4,76,180,Oregon,USA,2017,2,41,3,9,2,0,7,0.1,0.1,0.227,0.9,0
1629639,Tyler Herro,1610612748,MIA,23,6-5,77,195,Kentucky,USA,2019,1,13,64,1301,350,270,1.9,0.012,0.154,0.25,0.566,0.191
1630169,Tyrese Haliburton,1610612754,IND,23,6-5,77,185,Iowa State,USA,2020,1,12,56,1160,205,585,-1,0.018,0.092,0.238,0.624,0.457
1631213,Tyrese Martin,1610612737,ATL,24,6-6,78,215,Connecticut,USA,2022,2,51,13,15,6,0,5.4,0.04,0.095,0.17,0.444,0
1630178,Tyrese Maxey,1610612755,PHI,22,6-2,74,200,Kentucky,USA,2020,1,21,58,1184,168,209,5.5,0.013,0.078,0.237,0.603,0.171
1626145,Tyus Jones,1610612763,MEM,26,6-2,74,196,Duke,USA,2015,1,24,76,791,188,387,2.9,0.014,0.082,0.176,0.548,0.281
1628962,Udoka Azubuike,1610612762,UTA,23,6-11,83,270,Kansas,Nigeria,2020,1,27,31,91,86,9,-9.3,0.097,0.227,0.127,0.758,0.054
2617,Udonis Haslem,1610612748,MIA,42,6-7,79,235,Florida,USA,Undrafted,Undrafted,Undrafted,6,3,8,0,-19.9,0.066,0.108,0.111,0.116,0
1630586,Usman Garuba,1610612745,HOU,21,6-8,80,229,None,Spain,2021,1,23,71,220,294,64,-12.3,0.108,0.194,0.098,0.587,0.1
1630176,Vernon Carey Jr.,1610612764,WAS,22,6-10,82,270,Duke,USA,2020,2,32,11,6,11,3,-17.3,0.081,0.296,0.147,0.338,0.214
203506,Victor Oladipo,1610612748,MIA,30,6-3,75,213,Indiana,USA,2013,1,2,40,400,125,134,-2.8,0.015,0.111,0.195,0.5,0.198
1631246,Vince Williams Jr.,1610612763,MEM,22,6-4,76,205,Virginia Commonwealth,USA,2022,2,47,11,10,7,3,-20.7,0.028,0.122,0.113,0.357,0.103
1630249,Vit Krejci,1610612737,ATL,22,6-8,80,195,None,Czech Republic,2020,2,37,26,34,18,14,0.5,0.022,0.115,0.114,0.502,0.131
1628427,Vlatko Cancar,1610612743,DEN,25,6-8,80,236,None,Slovenia,2017,2,49,55,282,121,73,-2.7,0.028,0.121,0.134,0.619,0.123
1631117,Walker Kessler,1610612762,UTA,21,7-0,84,245,Auburn,USA,2022,1,22,73,673,612,69,3.2,0.133,0.205,0.13,0.704,0.058
1628976,Wendell Carter Jr.,1610612753,ORL,23,6-10,82,270,Duke,USA,2018,1,7,54,837,472,127,-1.2,0.076,0.217,0.206,0.62,0.12
1631111,Wendell Moore Jr.,1610612750,MIN,21,6-5,77,215,Duke,USA,2022,1,26,27,40,17,18,-13,0.02,0.088,0.142,0.452,0.167
1629117,Wenyen Gabriel,1610612747,LAL,26,6-9,81,205,Kentucky,South Sudan,Undrafted,Undrafted,Undrafted,63,358,267,33,0,0.114,0.148,0.138,0.63,0.048
202083,Wesley Matthews,1610612749,MIL,36,6-5,77,220,Marquette,USA,Undrafted,Undrafted,Undrafted,47,158,100,30,3.7,0.042,0.084,0.095,0.514,0.052
203115,Will Barton,1610612761,TOR,32,6-5,77,181,Memphis,USA,2012,2,40,52,340,129,107,-9.7,0.013,0.127,0.179,0.482,0.165
1626195,Willy Hernangomez,1610612740,NOP,28,6-11,83,250,None,Spain,2015,2,35,38,262,180,33,1.7,0.118,0.262,0.222,0.61,0.114
1641645,Xavier Cooks,1610612764,WAS,27,6-8,80,183,Winthrop,Australia,Undrafted,Undrafted,Undrafted,5,4,6,1,53.7,0.15,0.136,0.104,1,0.071
1629875,Xavier Moon,1610612746,LAC,28,6-0,72,165,Morehead State,USA,Undrafted,Undrafted,Undrafted,3,5,3,5,16.4,0,0.167,0.231,0.313,0.5
1630270,Xavier Sneed,1610612766,CHA,25,6-5,77,215,Kansas State,USA,Undrafted,Undrafted,Undrafted,1,4,1,1,4.6,0,0.1,0.294,0.694,0.25
1630214,Xavier Tillman,1610612763,MEM,24,6-7,79,245,Michigan State,USA,2020,2,35,58,415,288,92,1.2,0.095,0.153,0.137,0.628,0.111
1629139,Yuta Watanabe,1610612751,BKN,28,6-8,80,215,George Washington,Japan,Undrafted,Undrafted,Undrafted,54,301,131,45,0.4,0.034,0.114,0.126,0.638,0.07
1628380,Zach Collins,1610612759,SAS,25,6-11,83,250,Gonzaga,USA,2017,1,10,61,694,386,173,-8,0.077,0.188,0.207,0.597,0.18
203897,Zach LaVine,1610612741,CHI,28,6-5,77,200,UCLA,USA,2014,1,13,73,1821,331,303,0.2,0.017,0.108,0.278,0.609,0.182
1630192,Zeke Nnaji,1610612743,DEN,22,6-9,81,240,Arizona,USA,2020,1,22,50,251,126,16,-6.8,0.087,0.095,0.141,0.635,0.038
1630533,Ziaire Williams,1610612763,MEM,21,6-9,81,185,Stanford,USA,2021,1,10,36,186,75,26,-4.6,0.028,0.106,0.172,0.503,0.067
1629627,Zion Williamson,1610612740,NOP,22,6-6,78,284,Duke,USA,2019,1,1,29,754,202,133,7.8,0.06,0.148,0.288,0.652,0.231
